id,referrer,device,bouncers,n_visit,n_pages,duration,country,purchase,order_items,order_value
1,google,laptop,true,10,1.0,693.0,Czech Republic,false,0.0,0.0
2,yahoo,tablet,true,9,1.0,459.0,Yemen,false,0.0,0.0
3,direct,laptop,true,0,1.0,996.0,Brazil,false,0.0,0.0
4,bing,tablet,false,3,18.0,468.0,China,true,6.0,434.0
5,yahoo,mobile,true,9,1.0,955.0,Poland,false,0.0,0.0
6,yahoo,laptop,false,5,5.0,135.0,South Africa,false,0.0,0.0
7,yahoo,mobile,true,10,1.0,75.0,Bangladesh,false,0.0,0.0
8,direct,mobile,true,10,1.0,908.0,Indonesia,false,0.0,0.0
9,bing,mobile,false,3,19.0,209.0,Netherlands,false,0.0,0.0
10,google,mobile,true,6,1.0,208.0,Czech Republic,false,0.0,0.0
11,direct,laptop,true,9,1.0,738.0,Jamaica,false,0.0,0.0
12,direct,tablet,false,6,12.0,132.0,Estonia,false,0.0,0.0
13,direct,mobile,false,9,14.0,406.0,Ireland,true,3.0,651.0
14,yahoo,tablet,false,5,8.0,80.0,Philippines,false,2.0,362.0
15,yahoo,mobile,false,7,1.0,19.0,France,false,7.0,2423.0
16,bing,laptop,true,1,1.0,995.0,United States,false,0.0,0.0
17,bing,tablet,false,5,16.0,368.0,Peru,true,6.0,1049.0
18,google,tablet,true,7,1.0,406.0,China,false,0.0,0.0
19,social,tablet,false,7,10.0,290.0,Colombia,true,9.0,1304.0
20,social,tablet,false,2,1.0,28.0,Namibia,false,7.0,2077.0
21,direct,laptop,true,2,1.0,384.0,China,false,0.0,0.0
22,google,mobile,true,5,1.0,147.0,Brazil,false,0.0,0.0
23,bing,mobile,false,0,7.0,196.0,Russia,false,4.0,237.0
24,social,laptop,true,4,1.0,850.0,Ukraine,false,0.0,0.0
25,yahoo,laptop,true,1,1.0,779.0,Brazil,false,0.0,0.0
26,social,laptop,true,7,1.0,574.0,Australia,false,0.0,0.0
27,direct,tablet,false,2,19.0,342.0,Japan,true,5.0,622.0
28,google,laptop,true,9,1.0,126.0,Russia,false,0.0,0.0
29,google,mobile,true,10,1.0,338.0,Russia,false,0.0,0.0
30,yahoo,mobile,false,8,9.0,225.0,Colombia,false,0.0,0.0
31,social,tablet,true,2,1.0,795.0,Japan,false,0.0,0.0
32,direct,mobile,true,2,1.0,501.0,El Salvador,false,0.0,0.0
33,direct,laptop,true,8,1.0,658.0,Colombia,false,0.0,0.0
34,social,tablet,false,9,20.0,420.0,Indonesia,true,7.0,1613.0
35,direct,mobile,true,6,1.0,404.0,Argentina,false,0.0,0.0
36,bing,mobile,false,1,1.0,25.0,Ireland,false,10.0,1885.0
37,bing,laptop,true,0,1.0,897.0,Vietnam,false,0.0,0.0
38,yahoo,mobile,true,3,1.0,700.0,Canada,false,0.0,0.0
39,google,mobile,true,0,1.0,796.0,Sweden,false,0.0,0.0
40,google,mobile,true,10,1.0,479.0,Cameroon,false,0.0,0.0
41,bing,mobile,false,4,20.0,440.0,Czech Republic,true,3.0,184.0
42,direct,mobile,false,1,13.0,234.0,Indonesia,false,0.0,0.0
43,bing,laptop,true,0,1.0,456.0,Portugal,false,0.0,0.0
44,yahoo,tablet,false,7,11.0,264.0,Somalia,false,0.0,0.0
45,bing,laptop,true,7,1.0,867.0,China,false,0.0,0.0
46,yahoo,tablet,true,7,1.0,799.0,Indonesia,false,0.0,0.0
47,bing,mobile,true,6,1.0,843.0,Sweden,false,0.0,0.0
48,yahoo,laptop,true,4,1.0,781.0,Uruguay,false,0.0,0.0
49,social,mobile,false,1,2.0,44.0,France,false,10.0,1515.0
50,bing,tablet,true,5,1.0,831.0,Iran,false,0.0,0.0
51,direct,mobile,true,9,1.0,898.0,China,false,0.0,0.0
52,bing,mobile,true,7,1.0,569.0,Brazil,false,0.0,0.0
53,social,tablet,false,3,12.0,324.0,China,false,0.0,0.0
54,social,tablet,true,4,1.0,53.0,Nigeria,false,0.0,0.0
55,direct,mobile,true,0,1.0,566.0,United States,false,0.0,0.0
56,google,tablet,false,1,19.0,304.0,Colombia,false,0.0,0.0
57,google,laptop,false,1,8.0,136.0,Russia,false,2.0,1532.0
58,google,tablet,false,9,3.0,57.0,Brazil,false,0.0,0.0
59,yahoo,tablet,true,9,1.0,706.0,Philippines,false,0.0,0.0
60,bing,laptop,true,4,1.0,748.0,Russia,false,0.0,0.0
61,google,laptop,true,0,1.0,75.0,Greece,false,0.0,0.0
62,direct,tablet,true,8,1.0,814.0,Philippines,false,0.0,0.0
63,direct,mobile,false,10,1.0,17.0,China,false,0.0,0.0
64,yahoo,tablet,false,3,5.0,140.0,Latvia,false,6.0,2798.0
65,yahoo,laptop,false,5,8.0,136.0,Finland,false,9.0,370.0
66,google,tablet,false,6,6.0,114.0,China,false,0.0,0.0
67,yahoo,tablet,true,3,1.0,332.0,France,false,0.0,0.0
68,direct,mobile,true,7,1.0,912.0,France,false,0.0,0.0
69,bing,tablet,true,1,1.0,406.0,Turkmenistan,false,0.0,0.0
70,bing,mobile,true,5,1.0,190.0,China,false,0.0,0.0
71,social,laptop,true,0,1.0,874.0,Brazil,false,0.0,0.0
72,social,laptop,false,5,16.0,176.0,Panama,false,5.0,2216.0
73,google,tablet,true,4,1.0,565.0,China,false,0.0,0.0
74,social,tablet,true,5,1.0,934.0,Brazil,false,0.0,0.0
75,direct,tablet,true,9,1.0,47.0,Russia,false,0.0,0.0
76,yahoo,tablet,false,5,3.0,78.0,Russia,false,3.0,632.0
77,yahoo,laptop,true,4,1.0,928.0,Peru,false,0.0,0.0
78,social,laptop,false,4,19.0,399.0,Russia,false,0.0,0.0
79,bing,mobile,true,9,1.0,823.0,Nicaragua,false,0.0,0.0
80,social,laptop,false,8,12.0,276.0,Indonesia,false,0.0,0.0
81,social,laptop,true,8,1.0,581.0,Indonesia,false,0.0,0.0
82,direct,tablet,true,7,1.0,219.0,Thailand,false,0.0,0.0
83,social,mobile,true,5,1.0,613.0,Ecuador,false,0.0,0.0
84,yahoo,tablet,true,4,1.0,804.0,Sweden,false,0.0,0.0
85,google,tablet,true,3,1.0,652.0,Sierra Leone,false,0.0,0.0
86,yahoo,tablet,true,0,1.0,824.0,Austria,false,0.0,0.0
87,social,tablet,false,9,16.0,432.0,Sweden,false,0.0,0.0
88,yahoo,tablet,false,3,11.0,176.0,Philippines,false,0.0,0.0
89,direct,mobile,false,4,8.0,144.0,Ecuador,false,1.0,2001.0
90,bing,mobile,false,7,1.0,22.0,Indonesia,false,0.0,0.0
91,social,laptop,true,3,1.0,365.0,Indonesia,false,0.0,0.0
92,google,mobile,false,5,8.0,192.0,Indonesia,false,1.0,1273.0
93,google,laptop,true,9,1.0,869.0,Poland,false,0.0,0.0
94,yahoo,tablet,false,2,16.0,480.0,China,true,9.0,286.0
95,social,tablet,true,1,1.0,566.0,Portugal,false,0.0,0.0
96,direct,tablet,false,10,3.0,57.0,China,false,4.0,722.0
97,bing,tablet,true,2,1.0,292.0,Democratic Republic of the Congo,false,0.0,0.0
98,bing,mobile,false,3,18.0,288.0,Portugal,true,6.0,764.0
99,yahoo,mobile,true,1,1.0,73.0,Indonesia,false,0.0,0.0
100,google,laptop,true,5,1.0,751.0,Portugal,false,0.0,0.0
101,yahoo,tablet,false,2,14.0,364.0,Poland,true,6.0,1667.0
102,google,mobile,false,2,3.0,69.0,Bahamas,false,3.0,583.0
103,direct,laptop,false,0,7.0,196.0,Portugal,false,0.0,0.0
104,yahoo,tablet,false,6,18.0,432.0,France,false,0.0,0.0
105,direct,mobile,true,1,1.0,423.0,Mexico,false,0.0,0.0
106,direct,mobile,true,6,1.0,227.0,China,false,0.0,0.0
107,social,mobile,true,2,1.0,267.0,Brazil,false,0.0,0.0
108,google,laptop,true,9,1.0,174.0,China,false,0.0,0.0
109,google,tablet,true,9,1.0,382.0,Chile,false,0.0,0.0
110,direct,mobile,false,5,5.0,55.0,Russia,false,0.0,0.0
111,social,tablet,true,9,1.0,717.0,Bhutan,false,0.0,0.0
112,social,mobile,false,10,11.0,242.0,Argentina,true,4.0,287.0
113,yahoo,tablet,false,7,16.0,224.0,Sri Lanka,false,3.0,1482.0
114,bing,tablet,false,0,14.0,280.0,Brazil,false,0.0,0.0
115,google,laptop,false,1,6.0,72.0,Ghana,false,9.0,2514.0
116,direct,mobile,true,10,1.0,675.0,Indonesia,false,0.0,0.0
117,bing,tablet,false,6,16.0,176.0,Swaziland,false,0.0,0.0
118,direct,laptop,false,2,16.0,400.0,Brazil,false,0.0,0.0
119,bing,laptop,true,1,1.0,938.0,China,false,0.0,0.0
120,yahoo,mobile,false,2,5.0,95.0,China,false,6.0,1772.0
121,direct,laptop,true,4,1.0,468.0,Russia,false,0.0,0.0
122,direct,laptop,true,3,1.0,768.0,Argentina,false,0.0,0.0
123,bing,mobile,true,5,1.0,751.0,Yemen,false,0.0,0.0
124,social,mobile,true,0,1.0,345.0,Indonesia,false,0.0,0.0
125,yahoo,mobile,false,6,14.0,322.0,China,true,3.0,1443.0
126,direct,mobile,true,6,1.0,981.0,Peru,false,0.0,0.0
127,social,tablet,true,2,1.0,576.0,Belarus,false,0.0,0.0
128,bing,tablet,false,9,2.0,50.0,United States,false,0.0,0.0
129,google,tablet,true,8,1.0,249.0,Brazil,false,0.0,0.0
130,direct,laptop,true,6,1.0,178.0,Italy,false,0.0,0.0
131,bing,tablet,false,3,15.0,195.0,France,false,2.0,489.0
132,bing,tablet,false,0,3.0,42.0,Chile,false,0.0,0.0
133,direct,mobile,false,2,4.0,76.0,Poland,false,0.0,0.0
134,google,mobile,false,1,18.0,252.0,Indonesia,true,3.0,2449.0
135,social,mobile,false,0,3.0,78.0,Indonesia,false,0.0,0.0
136,yahoo,tablet,false,0,20.0,200.0,Indonesia,false,0.0,0.0
137,yahoo,mobile,false,5,3.0,30.0,Thailand,false,0.0,0.0
138,yahoo,tablet,true,6,1.0,297.0,China,false,0.0,0.0
139,yahoo,laptop,false,8,6.0,60.0,Greece,false,9.0,287.0
140,social,laptop,true,5,1.0,286.0,Sweden,false,0.0,0.0
141,yahoo,tablet,true,1,1.0,949.0,Japan,false,0.0,0.0
142,google,laptop,false,1,7.0,126.0,Brazil,false,0.0,0.0
143,social,mobile,false,7,16.0,352.0,Sweden,true,10.0,2824.0
144,social,tablet,true,3,1.0,225.0,Japan,false,0.0,0.0
145,google,laptop,false,5,9.0,261.0,Portugal,true,6.0,2086.0
146,google,laptop,true,7,1.0,792.0,Greece,false,0.0,0.0
147,direct,tablet,false,4,5.0,55.0,Panama,false,1.0,2055.0
148,yahoo,laptop,true,5,1.0,739.0,China,false,0.0,0.0
149,bing,tablet,false,6,3.0,54.0,Sweden,false,2.0,393.0
150,bing,laptop,false,5,10.0,190.0,China,false,0.0,0.0
151,social,tablet,true,6,1.0,133.0,Russia,false,0.0,0.0
152,yahoo,mobile,false,6,3.0,39.0,Argentina,false,3.0,907.0
153,google,tablet,true,10,1.0,86.0,China,false,0.0,0.0
154,social,laptop,true,0,1.0,720.0,China,false,0.0,0.0
155,google,mobile,false,8,10.0,240.0,Brazil,false,0.0,0.0
156,direct,mobile,false,4,18.0,324.0,China,true,3.0,1670.0
157,social,laptop,false,9,6.0,66.0,Faroe Islands,false,0.0,0.0
158,google,tablet,false,7,12.0,324.0,Philippines,true,2.0,1358.0
159,social,laptop,false,2,16.0,288.0,Finland,true,3.0,1833.0
160,yahoo,tablet,true,6,1.0,67.0,Philippines,false,0.0,0.0
161,google,laptop,true,5,1.0,806.0,Peru,false,0.0,0.0
162,social,tablet,true,8,1.0,502.0,Ukraine,false,0.0,0.0
163,social,laptop,true,1,1.0,35.0,Netherlands,false,0.0,0.0
164,social,mobile,true,10,1.0,479.0,Russia,false,0.0,0.0
165,social,laptop,false,5,3.0,90.0,Vietnam,false,0.0,0.0
166,direct,tablet,false,6,20.0,580.0,Sudan,true,5.0,1155.0
167,social,mobile,false,2,2.0,36.0,Honduras,false,8.0,837.0
168,direct,tablet,false,7,15.0,240.0,China,false,0.0,0.0
169,direct,laptop,false,6,6.0,96.0,Albania,false,0.0,0.0
170,bing,tablet,true,0,1.0,985.0,United States,false,0.0,0.0
171,direct,laptop,false,7,5.0,95.0,Republic of the Congo,false,0.0,0.0
172,yahoo,laptop,true,8,1.0,109.0,Sweden,false,0.0,0.0
173,google,mobile,false,2,9.0,162.0,Russia,false,5.0,358.0
174,bing,mobile,false,9,1.0,22.0,Indonesia,false,0.0,0.0
175,yahoo,mobile,false,4,13.0,364.0,Colombia,false,0.0,0.0
176,yahoo,laptop,true,2,1.0,506.0,Madagascar,false,0.0,0.0
177,bing,laptop,false,5,1.0,20.0,Thailand,false,3.0,1252.0
178,direct,mobile,false,9,15.0,210.0,Indonesia,false,0.0,0.0
179,google,laptop,true,2,1.0,773.0,Nigeria,false,0.0,0.0
180,yahoo,tablet,true,6,1.0,680.0,China,false,0.0,0.0
181,bing,mobile,true,9,1.0,650.0,Poland,false,0.0,0.0
182,bing,mobile,false,9,2.0,42.0,Indonesia,false,8.0,2429.0
183,bing,mobile,false,3,15.0,450.0,Czech Republic,false,0.0,0.0
184,social,laptop,true,5,1.0,544.0,Ireland,false,0.0,0.0
185,google,mobile,false,8,2.0,44.0,Philippines,false,0.0,0.0
186,google,tablet,true,5,1.0,169.0,China,false,0.0,0.0
187,bing,laptop,false,1,2.0,22.0,Brazil,false,1.0,1286.0
188,yahoo,tablet,true,3,1.0,664.0,China,false,0.0,0.0
189,direct,mobile,true,2,1.0,338.0,Pakistan,false,0.0,0.0
190,social,tablet,false,4,8.0,80.0,Brazil,false,0.0,0.0
191,bing,mobile,true,4,1.0,366.0,New Zealand,false,0.0,0.0
192,bing,laptop,true,1,1.0,989.0,China,false,0.0,0.0
193,yahoo,tablet,false,1,12.0,156.0,United States,false,4.0,1578.0
194,google,laptop,true,3,1.0,978.0,Belarus,false,0.0,0.0
195,direct,laptop,true,3,1.0,510.0,Poland,false,0.0,0.0
196,direct,laptop,false,5,18.0,540.0,Russia,false,0.0,0.0
197,bing,mobile,true,1,1.0,67.0,Greece,false,0.0,0.0
198,bing,tablet,true,0,1.0,352.0,Ukraine,false,0.0,0.0
199,yahoo,laptop,false,10,11.0,110.0,China,false,0.0,0.0
200,google,tablet,true,10,1.0,905.0,Argentina,false,0.0,0.0
201,social,laptop,false,7,15.0,210.0,Armenia,false,0.0,0.0
202,yahoo,tablet,false,9,13.0,182.0,Brazil,false,0.0,0.0
203,direct,tablet,true,6,1.0,54.0,Serbia,false,0.0,0.0
204,direct,tablet,true,5,1.0,32.0,Russia,false,0.0,0.0
205,yahoo,tablet,true,0,1.0,28.0,South Korea,false,0.0,0.0
206,google,mobile,true,7,1.0,241.0,Somalia,false,0.0,0.0
207,google,tablet,false,10,8.0,200.0,China,false,0.0,0.0
208,bing,tablet,false,0,2.0,52.0,Denmark,false,1.0,178.0
209,yahoo,laptop,true,3,1.0,373.0,Serbia,false,0.0,0.0
210,social,mobile,true,10,1.0,102.0,Guatemala,false,0.0,0.0
211,bing,tablet,true,4,1.0,493.0,Nicaragua,false,0.0,0.0
212,social,tablet,true,4,1.0,578.0,United States,false,0.0,0.0
213,bing,laptop,true,7,1.0,811.0,China,false,0.0,0.0
214,direct,laptop,false,8,10.0,210.0,France,false,0.0,0.0
215,yahoo,mobile,true,10,1.0,594.0,Denmark,false,0.0,0.0
216,yahoo,laptop,true,3,1.0,812.0,Brazil,false,0.0,0.0
217,google,mobile,false,9,9.0,135.0,Poland,false,4.0,1758.0
218,social,laptop,true,5,1.0,553.0,Palestinian Territory,false,0.0,0.0
219,social,mobile,false,1,20.0,520.0,United States,true,5.0,1021.0
220,social,tablet,false,6,6.0,108.0,Portugal,false,0.0,0.0
221,direct,tablet,false,6,19.0,304.0,Indonesia,true,9.0,2208.0
222,direct,laptop,false,8,5.0,150.0,Indonesia,false,4.0,2373.0
223,social,tablet,false,1,8.0,128.0,Indonesia,false,0.0,0.0
224,social,mobile,false,5,7.0,140.0,Ukraine,false,0.0,0.0
225,direct,tablet,false,3,12.0,324.0,Norway,true,10.0,1257.0
226,google,laptop,true,7,1.0,928.0,Mexico,false,0.0,0.0
227,yahoo,mobile,false,0,13.0,351.0,United States,true,10.0,288.0
228,direct,tablet,true,10,1.0,497.0,Mexico,false,0.0,0.0
229,google,mobile,true,10,1.0,948.0,Greece,false,0.0,0.0
230,bing,tablet,false,8,6.0,180.0,Costa Rica,false,0.0,0.0
231,bing,tablet,true,0,1.0,697.0,Portugal,false,0.0,0.0
232,social,laptop,false,8,2.0,60.0,Afghanistan,false,0.0,0.0
233,google,tablet,false,3,3.0,78.0,China,false,0.0,0.0
234,social,tablet,true,10,1.0,674.0,Portugal,false,0.0,0.0
235,yahoo,laptop,true,7,1.0,300.0,Brazil,false,0.0,0.0
236,yahoo,tablet,true,5,1.0,10.0,Poland,false,0.0,0.0
237,social,laptop,true,8,1.0,152.0,China,false,0.0,0.0
238,yahoo,mobile,true,1,1.0,257.0,Brazil,false,0.0,0.0
239,social,mobile,false,2,10.0,190.0,Peru,false,0.0,0.0
240,direct,laptop,false,6,4.0,104.0,France,false,0.0,0.0
241,yahoo,mobile,false,10,11.0,209.0,Netherlands,false,6.0,1537.0
242,bing,mobile,false,10,13.0,221.0,China,false,0.0,0.0
243,bing,tablet,false,6,1.0,22.0,Russia,false,0.0,0.0
244,google,mobile,false,5,13.0,390.0,Colombia,false,0.0,0.0
245,social,laptop,true,9,1.0,164.0,Brazil,false,0.0,0.0
246,direct,mobile,true,9,1.0,207.0,China,false,0.0,0.0
247,bing,laptop,true,1,1.0,148.0,China,false,0.0,0.0
248,bing,tablet,true,5,1.0,151.0,Macedonia,false,0.0,0.0
249,google,mobile,false,10,8.0,88.0,Palestinian Territory,false,0.0,0.0
250,bing,laptop,true,3,1.0,422.0,Russia,false,0.0,0.0
251,social,tablet,false,3,5.0,95.0,China,false,6.0,2157.0
252,bing,tablet,true,3,1.0,798.0,Indonesia,false,0.0,0.0
253,google,mobile,false,8,20.0,300.0,Sweden,true,7.0,2091.0
254,yahoo,laptop,false,8,13.0,364.0,Bosnia and Herzegovina,true,3.0,343.0
255,google,tablet,true,6,1.0,216.0,Peru,false,0.0,0.0
256,social,laptop,false,10,10.0,180.0,Honduras,false,10.0,2629.0
257,bing,laptop,false,5,13.0,286.0,United States,false,0.0,0.0
258,google,mobile,false,3,17.0,510.0,Portugal,false,0.0,0.0
259,google,mobile,true,3,1.0,553.0,Kenya,false,0.0,0.0
260,yahoo,laptop,false,10,10.0,290.0,Costa Rica,true,3.0,2992.0
261,social,laptop,true,0,1.0,581.0,France,false,0.0,0.0
262,google,mobile,false,9,17.0,221.0,France,false,0.0,0.0
263,social,mobile,true,10,1.0,432.0,Cuba,false,0.0,0.0
264,yahoo,laptop,false,7,2.0,30.0,Czech Republic,false,0.0,0.0
265,bing,laptop,true,10,1.0,777.0,Japan,false,0.0,0.0
266,social,laptop,true,8,1.0,735.0,Japan,false,0.0,0.0
267,yahoo,laptop,true,5,1.0,994.0,Brazil,false,0.0,0.0
268,yahoo,tablet,true,6,1.0,669.0,China,false,0.0,0.0
269,yahoo,laptop,false,9,9.0,135.0,Indonesia,false,6.0,2633.0
270,yahoo,mobile,false,4,9.0,189.0,Russia,false,5.0,947.0
271,social,laptop,false,2,5.0,150.0,China,false,10.0,2367.0
272,direct,mobile,false,6,12.0,324.0,China,false,0.0,0.0
273,social,laptop,true,4,1.0,794.0,Indonesia,false,0.0,0.0
274,yahoo,mobile,false,10,18.0,270.0,France,true,10.0,813.0
275,bing,laptop,true,8,1.0,484.0,China,false,0.0,0.0
276,social,laptop,false,4,20.0,200.0,Indonesia,false,0.0,0.0
277,google,tablet,false,8,1.0,22.0,China,false,8.0,1179.0
278,yahoo,laptop,false,5,11.0,143.0,Norway,false,0.0,0.0
279,yahoo,laptop,false,7,15.0,150.0,Sweden,false,4.0,2251.0
280,yahoo,mobile,true,2,1.0,90.0,Vietnam,false,0.0,0.0
281,social,laptop,true,10,1.0,81.0,Canada,false,0.0,0.0
282,direct,laptop,true,4,1.0,314.0,Malaysia,false,0.0,0.0
283,social,mobile,true,5,1.0,22.0,Brazil,false,0.0,0.0
284,social,mobile,true,9,1.0,803.0,Peru,false,0.0,0.0
285,direct,mobile,false,8,16.0,464.0,Indonesia,false,0.0,0.0
286,google,tablet,true,4,1.0,86.0,China,false,0.0,0.0
287,yahoo,mobile,true,7,1.0,520.0,Italy,false,0.0,0.0
288,bing,tablet,false,5,6.0,138.0,Honduras,false,3.0,2929.0
289,yahoo,mobile,true,1,1.0,376.0,Cuba,false,0.0,0.0
290,bing,mobile,false,4,18.0,414.0,Russia,true,2.0,2896.0
291,yahoo,laptop,true,5,1.0,611.0,Colombia,false,0.0,0.0
292,yahoo,tablet,false,0,13.0,390.0,Canada,true,5.0,1748.0
293,bing,mobile,true,10,1.0,480.0,Panama,false,0.0,0.0
294,yahoo,laptop,false,0,4.0,52.0,France,false,1.0,610.0
295,bing,laptop,false,10,16.0,304.0,Poland,false,0.0,0.0
296,google,mobile,false,5,7.0,133.0,Ukraine,false,0.0,0.0
297,bing,mobile,false,10,8.0,152.0,Poland,false,0.0,0.0
298,bing,laptop,false,5,16.0,192.0,Armenia,false,4.0,1203.0
299,yahoo,laptop,false,10,18.0,180.0,Afghanistan,false,0.0,0.0
300,direct,laptop,true,9,1.0,296.0,Libya,false,0.0,0.0
301,yahoo,tablet,false,7,10.0,240.0,Thailand,false,1.0,1152.0
302,google,laptop,false,6,9.0,135.0,Greece,false,0.0,0.0
303,bing,mobile,true,4,1.0,979.0,Madagascar,false,0.0,0.0
304,social,laptop,true,7,1.0,185.0,Venezuela,false,0.0,0.0
305,bing,tablet,false,2,11.0,220.0,Argentina,false,6.0,631.0
306,direct,mobile,false,7,7.0,98.0,Philippines,false,9.0,632.0
307,google,laptop,false,3,8.0,192.0,Greece,false,0.0,0.0
308,yahoo,tablet,false,8,14.0,322.0,China,false,0.0,0.0
309,google,mobile,true,0,1.0,327.0,Canada,false,0.0,0.0
310,social,laptop,false,6,5.0,50.0,Malawi,false,0.0,0.0
311,direct,tablet,true,2,1.0,891.0,Bangladesh,false,0.0,0.0
312,yahoo,tablet,false,1,18.0,270.0,Bosnia and Herzegovina,true,4.0,2578.0
313,yahoo,laptop,false,1,16.0,400.0,China,false,0.0,0.0
314,yahoo,mobile,false,3,20.0,480.0,China,false,0.0,0.0
315,bing,tablet,false,2,1.0,23.0,China,false,0.0,0.0
316,direct,laptop,true,2,1.0,149.0,Sweden,false,0.0,0.0
317,google,mobile,false,3,18.0,270.0,Poland,true,3.0,1753.0
318,direct,laptop,true,8,1.0,298.0,Portugal,false,0.0,0.0
319,bing,laptop,false,10,6.0,90.0,United Kingdom,false,6.0,2894.0
320,bing,laptop,false,4,3.0,48.0,Sweden,false,3.0,2716.0
321,bing,tablet,false,1,17.0,170.0,New Zealand,false,9.0,2433.0
322,bing,tablet,true,3,1.0,192.0,Uruguay,false,0.0,0.0
323,google,mobile,true,1,1.0,417.0,Brazil,false,0.0,0.0
324,direct,laptop,false,9,17.0,425.0,Niger,true,2.0,2488.0
325,bing,tablet,true,9,1.0,281.0,Poland,false,0.0,0.0
326,yahoo,mobile,true,4,1.0,464.0,Colombia,false,0.0,0.0
327,bing,laptop,true,2,1.0,646.0,Bulgaria,false,0.0,0.0
328,direct,mobile,false,9,15.0,375.0,Nicaragua,true,1.0,714.0
329,bing,mobile,true,3,1.0,490.0,Sweden,false,0.0,0.0
330,direct,laptop,false,2,4.0,40.0,China,false,1.0,1560.0
331,google,mobile,true,8,1.0,849.0,Bulgaria,false,0.0,0.0
332,google,laptop,false,5,5.0,125.0,Nigeria,false,0.0,0.0
333,bing,tablet,true,1,1.0,721.0,Armenia,false,0.0,0.0
334,bing,mobile,false,2,7.0,196.0,Russia,false,0.0,0.0
335,social,tablet,true,4,1.0,403.0,China,false,0.0,0.0
336,yahoo,mobile,true,8,1.0,632.0,Brazil,false,0.0,0.0
337,bing,mobile,false,8,13.0,169.0,China,false,0.0,0.0
338,direct,mobile,true,1,1.0,860.0,Nigeria,false,0.0,0.0
339,google,tablet,true,0,1.0,866.0,Japan,false,0.0,0.0
340,yahoo,mobile,true,9,1.0,565.0,China,false,0.0,0.0
341,bing,mobile,false,5,15.0,405.0,Russia,true,7.0,2274.0
342,google,tablet,true,1,1.0,73.0,China,false,0.0,0.0
343,bing,tablet,true,4,1.0,684.0,China,false,0.0,0.0
344,bing,mobile,false,4,9.0,261.0,China,false,0.0,0.0
345,social,laptop,true,8,1.0,64.0,China,false,0.0,0.0
346,yahoo,tablet,false,9,16.0,432.0,Djibouti,true,3.0,2028.0
347,yahoo,tablet,true,2,1.0,652.0,Philippines,false,0.0,0.0
348,social,laptop,false,10,20.0,280.0,Japan,true,1.0,2011.0
349,yahoo,laptop,false,2,17.0,374.0,China,false,0.0,0.0
350,direct,mobile,false,1,13.0,390.0,Malaysia,true,6.0,2765.0
351,bing,tablet,true,8,1.0,577.0,China,false,0.0,0.0
352,direct,tablet,false,2,17.0,391.0,Ukraine,true,3.0,2636.0
353,social,tablet,true,1,1.0,200.0,Croatia,false,0.0,0.0
354,social,laptop,true,8,1.0,382.0,Peru,false,0.0,0.0
355,yahoo,laptop,false,6,17.0,374.0,Thailand,true,6.0,1648.0
356,bing,laptop,true,4,1.0,750.0,Yemen,false,0.0,0.0
357,yahoo,mobile,true,0,1.0,287.0,Malaysia,false,0.0,0.0
358,google,mobile,false,10,5.0,50.0,Nicaragua,false,0.0,0.0
359,direct,laptop,false,3,13.0,260.0,Armenia,true,6.0,2694.0
360,yahoo,mobile,true,5,1.0,213.0,Canada,false,0.0,0.0
361,bing,laptop,true,4,1.0,913.0,Philippines,false,0.0,0.0
362,social,mobile,false,5,16.0,272.0,Macedonia,true,9.0,2281.0
363,google,laptop,false,2,7.0,154.0,Czech Republic,false,0.0,0.0
364,bing,laptop,true,3,1.0,369.0,Kenya,false,0.0,0.0
365,google,laptop,false,9,19.0,228.0,Greece,false,0.0,0.0
366,direct,tablet,true,6,1.0,814.0,China,false,0.0,0.0
367,social,laptop,true,2,1.0,550.0,Indonesia,false,0.0,0.0
368,google,laptop,true,0,1.0,551.0,Belgium,false,0.0,0.0
369,social,laptop,true,2,1.0,341.0,Indonesia,false,0.0,0.0
370,social,tablet,false,2,8.0,208.0,Azerbaijan,false,0.0,0.0
371,social,laptop,true,2,1.0,576.0,Colombia,false,0.0,0.0
372,social,tablet,true,5,1.0,175.0,Pakistan,false,0.0,0.0
373,yahoo,mobile,false,2,20.0,240.0,Portugal,false,0.0,0.0
374,social,mobile,true,5,1.0,527.0,Indonesia,false,0.0,0.0
375,social,laptop,false,8,16.0,160.0,Kyrgyzstan,false,0.0,0.0
376,yahoo,mobile,true,7,1.0,194.0,Indonesia,false,0.0,0.0
377,google,mobile,true,10,1.0,256.0,Mexico,false,0.0,0.0
378,yahoo,mobile,true,9,1.0,871.0,Indonesia,false,0.0,0.0
379,bing,tablet,true,2,1.0,24.0,China,false,0.0,0.0
380,google,mobile,true,10,1.0,351.0,Ukraine,false,0.0,0.0
381,yahoo,laptop,false,7,20.0,340.0,China,false,0.0,0.0
382,direct,laptop,false,9,4.0,80.0,Russia,false,0.0,0.0
383,social,mobile,false,9,19.0,304.0,Croatia,true,4.0,2057.0
384,google,tablet,false,1,12.0,216.0,Finland,false,0.0,0.0
385,bing,tablet,false,10,15.0,150.0,Portugal,false,0.0,0.0
386,direct,laptop,false,1,8.0,200.0,Russia,false,0.0,0.0
387,yahoo,mobile,true,7,1.0,352.0,China,false,0.0,0.0
388,google,laptop,true,1,1.0,958.0,Uzbekistan,false,0.0,0.0
389,bing,mobile,false,6,5.0,55.0,Indonesia,false,0.0,0.0
390,social,tablet,false,3,15.0,240.0,Macedonia,false,6.0,1629.0
391,google,tablet,false,0,6.0,144.0,Comoros,false,1.0,1652.0
392,yahoo,laptop,false,0,1.0,12.0,Indonesia,false,0.0,0.0
393,yahoo,mobile,true,9,1.0,524.0,China,false,0.0,0.0
394,direct,laptop,false,8,20.0,440.0,Indonesia,false,0.0,0.0
395,google,mobile,false,10,13.0,208.0,China,false,9.0,1662.0
396,bing,mobile,false,3,8.0,120.0,China,false,5.0,472.0
397,yahoo,tablet,false,6,5.0,110.0,China,false,9.0,1508.0
398,bing,laptop,true,9,1.0,709.0,China,false,0.0,0.0
399,google,tablet,true,5,1.0,82.0,Indonesia,false,0.0,0.0
400,bing,mobile,false,9,7.0,147.0,Poland,false,2.0,139.0
401,bing,tablet,false,1,9.0,135.0,Tajikistan,false,0.0,0.0
402,bing,laptop,false,0,18.0,180.0,Russia,false,0.0,0.0
403,social,mobile,true,4,1.0,425.0,Russia,false,0.0,0.0
404,yahoo,laptop,false,8,4.0,52.0,Greece,false,10.0,2482.0
405,direct,mobile,false,10,17.0,493.0,Indonesia,false,0.0,0.0
406,bing,mobile,false,10,14.0,140.0,Peru,false,0.0,0.0
407,yahoo,mobile,false,9,11.0,286.0,China,true,8.0,312.0
408,yahoo,laptop,false,3,1.0,29.0,China,false,4.0,2605.0
409,direct,laptop,true,9,1.0,244.0,Portugal,false,0.0,0.0
410,yahoo,mobile,false,6,4.0,52.0,China,false,10.0,1255.0
411,direct,mobile,true,6,1.0,937.0,China,false,0.0,0.0
412,yahoo,mobile,true,8,1.0,449.0,Brazil,false,0.0,0.0
413,direct,mobile,false,3,10.0,200.0,Liberia,false,0.0,0.0
414,bing,tablet,false,7,3.0,42.0,Madagascar,false,4.0,260.0
415,yahoo,laptop,false,0,4.0,48.0,Colombia,false,0.0,0.0
416,direct,laptop,false,6,16.0,368.0,China,true,7.0,1729.0
417,social,mobile,true,0,1.0,672.0,France,false,0.0,0.0
418,social,tablet,true,8,1.0,425.0,China,false,0.0,0.0
419,social,mobile,false,6,4.0,84.0,Dominican Republic,false,0.0,0.0
420,google,mobile,false,10,4.0,92.0,Brazil,false,10.0,2144.0
421,yahoo,laptop,false,8,2.0,42.0,China,false,10.0,1288.0
422,yahoo,laptop,false,5,18.0,414.0,Indonesia,false,0.0,0.0
423,google,laptop,true,5,1.0,304.0,Albania,false,0.0,0.0
424,bing,tablet,true,8,1.0,318.0,United States,false,0.0,0.0
425,yahoo,laptop,false,2,7.0,105.0,Cyprus,false,10.0,1912.0
426,yahoo,mobile,false,3,11.0,176.0,Belarus,false,6.0,2642.0
427,bing,tablet,false,1,19.0,361.0,Czech Republic,true,5.0,44.0
428,google,laptop,true,4,1.0,985.0,Kazakhstan,false,0.0,0.0
429,social,tablet,true,9,1.0,352.0,China,false,0.0,0.0
430,direct,mobile,false,5,10.0,140.0,Ukraine,false,0.0,0.0
431,yahoo,tablet,true,1,1.0,605.0,Russia,false,0.0,0.0
432,yahoo,mobile,false,6,1.0,21.0,Russia,false,0.0,0.0
433,social,tablet,true,10,1.0,81.0,Brazil,false,0.0,0.0
434,direct,mobile,false,6,3.0,57.0,Serbia,false,2.0,1436.0
435,direct,mobile,false,5,15.0,330.0,Indonesia,false,0.0,0.0
436,bing,mobile,false,8,20.0,380.0,Argentina,false,0.0,0.0
437,google,laptop,true,0,1.0,887.0,Colombia,false,0.0,0.0
438,direct,tablet,true,9,1.0,732.0,China,false,0.0,0.0
439,google,tablet,false,0,13.0,156.0,Chile,false,9.0,969.0
440,yahoo,mobile,false,10,16.0,160.0,Philippines,false,3.0,1625.0
441,bing,laptop,true,3,1.0,682.0,United States,false,0.0,0.0
442,direct,tablet,true,3,1.0,632.0,Jamaica,false,0.0,0.0
443,social,tablet,true,7,1.0,456.0,China,false,0.0,0.0
444,direct,tablet,false,3,1.0,21.0,Philippines,false,4.0,793.0
445,social,tablet,false,2,12.0,300.0,Philippines,true,2.0,2754.0
446,bing,laptop,false,0,1.0,21.0,Indonesia,false,0.0,0.0
447,social,laptop,true,0,1.0,809.0,China,false,0.0,0.0
448,google,laptop,false,0,19.0,418.0,Ukraine,true,2.0,996.0
449,yahoo,laptop,false,7,8.0,216.0,Indonesia,false,0.0,0.0
450,google,laptop,true,7,1.0,931.0,Hong Kong,false,0.0,0.0
451,google,tablet,false,5,20.0,220.0,China,false,0.0,0.0
452,google,tablet,false,6,14.0,406.0,East Timor,false,0.0,0.0
453,bing,mobile,false,8,2.0,48.0,China,false,10.0,2826.0
454,direct,tablet,true,10,1.0,970.0,Syria,false,0.0,0.0
455,social,laptop,true,2,1.0,806.0,Brazil,false,0.0,0.0
456,bing,mobile,false,2,2.0,54.0,Albania,false,10.0,2182.0
457,social,laptop,true,5,1.0,659.0,Argentina,false,0.0,0.0
458,google,mobile,false,8,4.0,52.0,Philippines,false,0.0,0.0
459,social,tablet,true,3,1.0,939.0,China,false,0.0,0.0
460,social,tablet,false,5,20.0,220.0,Republic of the Congo,false,5.0,1743.0
461,bing,tablet,false,8,17.0,425.0,Russia,false,0.0,0.0
462,yahoo,mobile,true,7,1.0,561.0,Croatia,false,0.0,0.0
463,direct,laptop,true,10,1.0,821.0,Canada,false,0.0,0.0
464,google,tablet,true,8,1.0,414.0,Yemen,false,0.0,0.0
465,google,laptop,false,1,20.0,220.0,France,false,7.0,1436.0
466,direct,tablet,true,5,1.0,581.0,China,false,0.0,0.0
467,yahoo,laptop,false,3,10.0,280.0,Peru,true,3.0,2063.0
468,direct,laptop,false,0,1.0,13.0,Czech Republic,false,5.0,1598.0
469,yahoo,tablet,false,2,20.0,320.0,Colombia,false,0.0,0.0
470,social,mobile,false,10,14.0,350.0,Argentina,true,3.0,671.0
471,social,mobile,false,0,10.0,160.0,Portugal,false,0.0,0.0
472,direct,tablet,false,6,13.0,338.0,Poland,true,5.0,683.0
473,yahoo,laptop,true,1,1.0,154.0,Vietnam,false,0.0,0.0
474,direct,laptop,true,0,1.0,23.0,Nigeria,false,0.0,0.0
475,google,tablet,false,1,18.0,180.0,China,false,0.0,0.0
476,direct,mobile,true,9,1.0,242.0,Poland,false,0.0,0.0
477,bing,tablet,false,8,2.0,42.0,Colombia,false,8.0,364.0
478,yahoo,laptop,false,6,19.0,418.0,China,true,9.0,2720.0
479,social,mobile,true,10,1.0,198.0,Japan,false,0.0,0.0
480,bing,tablet,true,5,1.0,765.0,China,false,0.0,0.0
481,social,mobile,false,3,13.0,208.0,China,false,0.0,0.0
482,bing,tablet,true,7,1.0,489.0,Czech Republic,false,0.0,0.0
483,google,tablet,false,1,5.0,75.0,Canada,false,5.0,1622.0
484,direct,laptop,false,4,4.0,80.0,Portugal,false,8.0,1719.0
485,bing,tablet,true,7,1.0,423.0,Qatar,false,0.0,0.0
486,direct,tablet,false,8,17.0,255.0,Czech Republic,false,0.0,0.0
487,bing,laptop,false,1,10.0,250.0,France,true,9.0,697.0
488,google,mobile,true,9,1.0,201.0,China,false,0.0,0.0
489,google,tablet,false,9,3.0,48.0,China,false,0.0,0.0
490,direct,laptop,true,0,1.0,70.0,Russia,false,0.0,0.0
491,google,tablet,false,8,4.0,80.0,Democratic Republic of the Congo,false,9.0,1034.0
492,yahoo,laptop,false,3,1.0,23.0,Albania,false,0.0,0.0
493,direct,mobile,true,7,1.0,797.0,Ukraine,false,0.0,0.0
494,google,laptop,true,0,1.0,913.0,Indonesia,false,0.0,0.0
495,google,laptop,false,8,18.0,522.0,Japan,true,8.0,2367.0
496,google,tablet,true,1,1.0,82.0,Thailand,false,0.0,0.0
497,social,mobile,true,10,1.0,463.0,Greece,false,0.0,0.0
498,bing,mobile,false,0,4.0,72.0,Iran,false,0.0,0.0
499,social,tablet,false,10,18.0,486.0,China,false,0.0,0.0
500,bing,mobile,true,9,1.0,574.0,Egypt,false,0.0,0.0
501,social,mobile,true,1,1.0,623.0,China,false,0.0,0.0
502,bing,laptop,true,7,1.0,516.0,Portugal,false,0.0,0.0
503,yahoo,mobile,true,9,1.0,626.0,Indonesia,false,0.0,0.0
504,social,laptop,true,10,1.0,504.0,China,false,0.0,0.0
505,bing,tablet,false,8,19.0,570.0,Thailand,true,1.0,510.0
506,yahoo,laptop,true,8,1.0,924.0,South Africa,false,0.0,0.0
507,social,mobile,false,8,6.0,168.0,France,false,5.0,1201.0
508,google,laptop,false,8,2.0,60.0,China,false,9.0,1760.0
509,yahoo,laptop,true,1,1.0,991.0,Uganda,false,0.0,0.0
510,social,mobile,true,0,1.0,436.0,Mongolia,false,0.0,0.0
511,google,tablet,true,6,1.0,45.0,South Africa,false,0.0,0.0
512,direct,mobile,true,1,1.0,477.0,Taiwan,false,0.0,0.0
513,direct,laptop,false,2,12.0,180.0,Philippines,false,5.0,1504.0
514,bing,mobile,false,9,3.0,78.0,Thailand,false,0.0,0.0
515,yahoo,laptop,true,4,1.0,55.0,China,false,0.0,0.0
516,bing,mobile,true,1,1.0,905.0,China,false,0.0,0.0
517,bing,laptop,true,6,1.0,802.0,Croatia,false,0.0,0.0
518,direct,tablet,true,4,1.0,164.0,Chile,false,0.0,0.0
519,direct,tablet,true,5,1.0,811.0,Brazil,false,0.0,0.0
520,social,mobile,false,1,10.0,170.0,Sweden,false,3.0,2332.0
521,direct,laptop,false,4,5.0,65.0,Russia,false,4.0,153.0
522,google,laptop,true,6,1.0,235.0,France,false,0.0,0.0
523,bing,tablet,false,4,15.0,210.0,Indonesia,false,0.0,0.0
524,yahoo,mobile,true,4,1.0,42.0,China,false,0.0,0.0
525,google,laptop,true,2,1.0,731.0,Russia,false,0.0,0.0
526,yahoo,tablet,false,10,9.0,153.0,Indonesia,false,0.0,0.0
527,direct,laptop,false,1,14.0,322.0,China,true,9.0,2676.0
528,google,mobile,true,1,1.0,367.0,Japan,false,0.0,0.0
529,social,tablet,false,10,10.0,170.0,Portugal,false,0.0,0.0
530,google,mobile,true,8,1.0,219.0,Canada,false,0.0,0.0
531,yahoo,tablet,true,8,1.0,151.0,Honduras,false,0.0,0.0
532,google,mobile,true,6,1.0,644.0,Russia,false,0.0,0.0
533,social,laptop,false,9,14.0,224.0,China,false,9.0,2462.0
534,google,tablet,true,8,1.0,301.0,South Africa,false,0.0,0.0
535,google,tablet,true,8,1.0,506.0,Ireland,false,0.0,0.0
536,google,mobile,true,10,1.0,221.0,China,false,0.0,0.0
537,direct,laptop,false,1,19.0,399.0,Indonesia,true,2.0,54.0
538,direct,laptop,false,7,10.0,200.0,Brazil,false,5.0,2781.0
539,bing,mobile,false,10,20.0,560.0,Nicaragua,false,0.0,0.0
540,bing,tablet,true,7,1.0,718.0,Thailand,false,0.0,0.0
541,bing,laptop,true,5,1.0,700.0,France,false,0.0,0.0
542,google,mobile,false,10,10.0,300.0,Greece,false,0.0,0.0
543,direct,tablet,true,1,1.0,239.0,Russia,false,0.0,0.0
544,bing,mobile,false,2,18.0,198.0,France,false,0.0,0.0
545,yahoo,laptop,false,7,4.0,88.0,Russia,false,4.0,1395.0
546,yahoo,mobile,false,10,6.0,90.0,Greece,false,1.0,1648.0
547,google,laptop,true,5,1.0,376.0,Belize,false,0.0,0.0
548,google,mobile,false,0,4.0,76.0,China,false,0.0,0.0
549,social,tablet,true,2,1.0,888.0,Ukraine,false,0.0,0.0
550,direct,tablet,false,7,17.0,459.0,Portugal,false,0.0,0.0
551,social,mobile,true,10,1.0,866.0,China,false,0.0,0.0
552,social,tablet,false,4,9.0,261.0,China,false,0.0,0.0
553,direct,mobile,true,10,1.0,144.0,Vietnam,false,0.0,0.0
554,direct,tablet,false,8,16.0,192.0,Sweden,false,7.0,487.0
555,yahoo,mobile,true,10,1.0,122.0,Indonesia,false,0.0,0.0
556,yahoo,mobile,false,4,20.0,260.0,Poland,true,9.0,898.0
557,direct,mobile,true,2,1.0,646.0,Brazil,false,0.0,0.0
558,direct,laptop,true,10,1.0,983.0,Croatia,false,0.0,0.0
559,bing,laptop,true,0,1.0,973.0,France,false,0.0,0.0
560,social,laptop,true,4,1.0,875.0,Philippines,false,0.0,0.0
561,yahoo,tablet,false,2,10.0,280.0,China,true,4.0,293.0
562,social,laptop,true,6,1.0,986.0,United States,false,0.0,0.0
563,social,tablet,false,5,16.0,272.0,China,true,2.0,866.0
564,google,laptop,true,8,1.0,157.0,Philippines,false,0.0,0.0
565,google,mobile,true,3,1.0,229.0,Yemen,false,0.0,0.0
566,social,tablet,true,5,1.0,957.0,Russia,false,0.0,0.0
567,google,mobile,false,3,18.0,522.0,Indonesia,true,6.0,1270.0
568,yahoo,tablet,false,6,16.0,192.0,United States,false,0.0,0.0
569,direct,laptop,false,1,20.0,320.0,Sweden,true,5.0,2770.0
570,social,laptop,true,2,1.0,274.0,Afghanistan,false,0.0,0.0
571,direct,mobile,true,10,1.0,433.0,Ethiopia,false,0.0,0.0
572,social,laptop,false,1,5.0,110.0,Argentina,false,3.0,1931.0
573,google,laptop,true,3,1.0,193.0,Brazil,false,0.0,0.0
574,bing,mobile,true,10,1.0,98.0,Poland,false,0.0,0.0
575,bing,laptop,false,1,19.0,380.0,Yemen,true,4.0,2036.0
576,social,laptop,false,8,3.0,30.0,Colombia,false,0.0,0.0
577,direct,laptop,false,7,7.0,154.0,China,false,0.0,0.0
578,google,tablet,true,3,1.0,523.0,Czech Republic,false,0.0,0.0
579,google,tablet,false,2,4.0,64.0,Venezuela,false,0.0,0.0
580,bing,laptop,true,7,1.0,362.0,United States,false,0.0,0.0
581,google,laptop,true,8,1.0,470.0,Canada,false,0.0,0.0
582,social,mobile,false,1,15.0,405.0,Sweden,false,0.0,0.0
583,social,laptop,false,1,20.0,420.0,Iran,true,1.0,1861.0
584,bing,mobile,true,0,1.0,686.0,Uzbekistan,false,0.0,0.0
585,direct,tablet,true,0,1.0,840.0,United Kingdom,false,0.0,0.0
586,direct,laptop,true,2,1.0,212.0,China,false,0.0,0.0
587,direct,mobile,true,2,1.0,206.0,Indonesia,false,0.0,0.0
588,yahoo,mobile,true,4,1.0,69.0,Russia,false,0.0,0.0
589,social,tablet,true,7,1.0,811.0,United Kingdom,false,0.0,0.0
590,social,laptop,true,7,1.0,991.0,Armenia,false,0.0,0.0
591,direct,laptop,true,2,1.0,624.0,Serbia,false,0.0,0.0
592,google,mobile,false,8,11.0,198.0,Portugal,false,0.0,0.0
593,direct,mobile,false,2,5.0,150.0,Peru,false,7.0,2943.0
594,direct,laptop,true,3,1.0,307.0,France,false,0.0,0.0
595,yahoo,tablet,true,9,1.0,530.0,China,false,0.0,0.0
596,social,mobile,true,1,1.0,958.0,Netherlands,false,0.0,0.0
597,bing,tablet,false,2,5.0,150.0,Greece,false,0.0,0.0
598,yahoo,tablet,true,10,1.0,668.0,Indonesia,false,0.0,0.0
599,yahoo,mobile,true,8,1.0,160.0,Philippines,false,0.0,0.0
600,bing,laptop,false,9,13.0,299.0,China,false,0.0,0.0
601,direct,laptop,true,7,1.0,262.0,China,false,0.0,0.0
602,google,mobile,false,3,12.0,312.0,South Africa,true,7.0,968.0
603,google,mobile,true,7,1.0,414.0,Russia,false,0.0,0.0
604,bing,tablet,true,6,1.0,567.0,Indonesia,false,0.0,0.0
605,google,laptop,false,2,17.0,391.0,United States,true,9.0,1345.0
606,social,tablet,false,9,17.0,459.0,Sweden,false,0.0,0.0
607,google,mobile,true,3,1.0,412.0,Czech Republic,false,0.0,0.0
608,direct,laptop,true,2,1.0,386.0,Russia,false,0.0,0.0
609,google,tablet,false,6,17.0,476.0,Philippines,false,0.0,0.0
610,yahoo,laptop,true,4,1.0,50.0,Egypt,false,0.0,0.0
611,yahoo,mobile,true,1,1.0,710.0,Ukraine,false,0.0,0.0
612,social,mobile,false,1,16.0,336.0,Philippines,true,3.0,17.0
613,bing,laptop,false,0,12.0,144.0,China,false,4.0,1747.0
614,yahoo,laptop,false,1,2.0,30.0,Russia,false,1.0,122.0
615,social,laptop,true,1,1.0,10.0,Finland,false,0.0,0.0
616,google,laptop,true,9,1.0,673.0,Russia,false,0.0,0.0
617,social,tablet,true,5,1.0,634.0,Nicaragua,false,0.0,0.0
618,bing,laptop,true,6,1.0,384.0,Russia,false,0.0,0.0
619,bing,laptop,true,10,1.0,947.0,Sweden,false,0.0,0.0
620,bing,tablet,false,1,8.0,144.0,Morocco,false,0.0,0.0
621,direct,mobile,false,2,12.0,348.0,Brazil,false,0.0,0.0
622,google,mobile,false,2,8.0,184.0,China,false,5.0,2e3
623,yahoo,tablet,true,1,1.0,441.0,France,false,0.0,0.0
624,bing,laptop,false,8,3.0,57.0,Portugal,false,0.0,0.0
625,social,mobile,false,7,8.0,216.0,Tanzania,false,9.0,2092.0
626,direct,tablet,false,9,6.0,102.0,Ukraine,false,0.0,0.0
627,direct,laptop,true,1,1.0,251.0,Thailand,false,0.0,0.0
628,yahoo,tablet,false,7,7.0,168.0,Russia,false,0.0,0.0
629,direct,tablet,true,2,1.0,184.0,Japan,false,0.0,0.0
630,social,mobile,false,3,20.0,440.0,China,true,10.0,75.0
631,social,tablet,true,10,1.0,478.0,China,false,0.0,0.0
632,social,tablet,false,0,14.0,406.0,Indonesia,false,0.0,0.0
633,direct,mobile,false,6,17.0,459.0,Slovenia,false,0.0,0.0
634,social,mobile,false,8,9.0,225.0,Italy,false,2.0,388.0
635,google,laptop,true,2,1.0,154.0,China,false,0.0,0.0
636,google,laptop,false,10,18.0,450.0,Indonesia,true,3.0,1782.0
637,yahoo,tablet,true,7,1.0,889.0,Tanzania,false,0.0,0.0
638,google,mobile,true,3,1.0,545.0,Netherlands,false,0.0,0.0
639,direct,mobile,true,1,1.0,180.0,Portugal,false,0.0,0.0
640,social,mobile,false,8,4.0,100.0,Colombia,false,4.0,463.0
641,direct,laptop,true,6,1.0,140.0,Mayotte,false,0.0,0.0
642,yahoo,laptop,false,0,18.0,522.0,Syria,true,8.0,1523.0
643,direct,tablet,false,7,12.0,192.0,Indonesia,false,0.0,0.0
644,bing,laptop,false,5,18.0,234.0,Indonesia,false,0.0,0.0
645,google,laptop,false,8,16.0,464.0,Nigeria,false,0.0,0.0
646,social,tablet,false,8,11.0,143.0,Ethiopia,false,0.0,0.0
647,social,laptop,true,5,1.0,592.0,Guinea,false,0.0,0.0
648,yahoo,mobile,true,3,1.0,151.0,Indonesia,false,0.0,0.0
649,direct,laptop,false,7,4.0,52.0,Indonesia,false,9.0,27.0
650,google,laptop,true,3,1.0,565.0,United Kingdom,false,0.0,0.0
651,social,laptop,false,0,17.0,204.0,China,false,0.0,0.0
652,bing,tablet,false,6,9.0,198.0,Thailand,false,0.0,0.0
653,direct,mobile,true,6,1.0,501.0,United States,false,0.0,0.0
654,direct,mobile,false,10,17.0,272.0,Sweden,false,0.0,0.0
655,bing,mobile,true,6,1.0,604.0,Nigeria,false,0.0,0.0
656,bing,laptop,false,0,13.0,390.0,Philippines,true,7.0,683.0
657,bing,laptop,true,3,1.0,396.0,Canada,false,0.0,0.0
658,google,laptop,true,3,1.0,369.0,Philippines,false,0.0,0.0
659,direct,mobile,false,5,13.0,325.0,Sweden,false,0.0,0.0
660,direct,tablet,true,7,1.0,281.0,Indonesia,false,0.0,0.0
661,yahoo,laptop,true,1,1.0,63.0,China,false,0.0,0.0
662,google,tablet,false,5,2.0,54.0,China,false,4.0,1057.0
663,google,tablet,true,2,1.0,614.0,Pakistan,false,0.0,0.0
664,direct,laptop,false,8,11.0,154.0,Japan,false,1.0,2702.0
665,yahoo,mobile,false,4,16.0,272.0,Brazil,false,0.0,0.0
666,social,mobile,true,9,1.0,425.0,Indonesia,false,0.0,0.0
667,google,mobile,false,4,20.0,420.0,China,false,0.0,0.0
668,yahoo,mobile,true,9,1.0,773.0,France,false,0.0,0.0
669,yahoo,tablet,true,0,1.0,238.0,Mexico,false,0.0,0.0
670,bing,tablet,false,5,20.0,540.0,Brazil,false,0.0,0.0
671,google,laptop,false,2,13.0,169.0,Brazil,false,0.0,0.0
672,google,tablet,true,6,1.0,250.0,China,false,0.0,0.0
673,bing,mobile,false,10,7.0,119.0,New Zealand,false,0.0,0.0
674,google,mobile,true,7,1.0,726.0,Indonesia,false,0.0,0.0
675,social,mobile,false,6,6.0,96.0,Russia,false,10.0,1922.0
676,bing,laptop,true,8,1.0,585.0,China,false,0.0,0.0
677,direct,tablet,true,10,1.0,682.0,Afghanistan,false,0.0,0.0
678,google,mobile,false,3,13.0,364.0,China,true,3.0,935.0
679,yahoo,laptop,true,3,1.0,541.0,Thailand,false,0.0,0.0
680,google,tablet,true,5,1.0,978.0,Argentina,false,0.0,0.0
681,bing,mobile,true,8,1.0,195.0,China,false,0.0,0.0
682,direct,tablet,false,5,18.0,414.0,Afghanistan,true,8.0,2006.0
683,direct,mobile,true,8,1.0,310.0,Ukraine,false,0.0,0.0
684,yahoo,tablet,true,5,1.0,386.0,China,false,0.0,0.0
685,social,laptop,false,0,11.0,187.0,Uzbekistan,false,8.0,1733.0
686,direct,tablet,false,1,2.0,48.0,Mexico,false,0.0,0.0
687,direct,laptop,false,1,10.0,120.0,Paraguay,false,10.0,828.0
688,social,mobile,true,2,1.0,12.0,Botswana,false,0.0,0.0
689,bing,mobile,false,4,2.0,22.0,France,false,3.0,1178.0
690,yahoo,mobile,false,5,8.0,80.0,New Zealand,false,9.0,2001.0
691,social,tablet,false,9,15.0,405.0,Uzbekistan,false,0.0,0.0
692,social,laptop,false,5,2.0,26.0,Indonesia,false,0.0,0.0
693,social,tablet,false,3,2.0,56.0,Iran,false,0.0,0.0
694,direct,laptop,true,3,1.0,700.0,Sweden,false,0.0,0.0
695,direct,mobile,true,9,1.0,291.0,Indonesia,false,0.0,0.0
696,google,mobile,true,7,1.0,67.0,Brazil,false,0.0,0.0
697,bing,tablet,true,0,1.0,356.0,Greece,false,0.0,0.0
698,google,mobile,false,7,12.0,288.0,France,true,4.0,1669.0
699,social,mobile,true,8,1.0,619.0,Germany,false,0.0,0.0
700,bing,tablet,false,9,10.0,210.0,Comoros,false,2.0,2302.0
701,yahoo,tablet,false,1,10.0,110.0,France,false,4.0,2780.0
702,social,tablet,true,8,1.0,235.0,Palestinian Territory,false,0.0,0.0
703,direct,mobile,false,10,19.0,380.0,China,false,0.0,0.0
704,yahoo,laptop,false,1,11.0,231.0,China,false,0.0,0.0
705,bing,laptop,true,3,1.0,271.0,Philippines,false,0.0,0.0
706,google,tablet,false,3,18.0,468.0,Poland,false,0.0,0.0
707,google,tablet,false,1,11.0,220.0,Russia,false,2.0,1645.0
708,yahoo,laptop,false,7,6.0,150.0,Philippines,false,10.0,1894.0
709,bing,mobile,true,6,1.0,966.0,Colombia,false,0.0,0.0
710,google,mobile,false,6,9.0,135.0,Ukraine,false,0.0,0.0
711,yahoo,tablet,false,7,19.0,304.0,Honduras,false,0.0,0.0
712,google,mobile,false,7,19.0,456.0,China,false,0.0,0.0
713,social,tablet,false,10,10.0,290.0,Philippines,true,9.0,37.0
714,direct,tablet,false,2,18.0,540.0,Russia,true,2.0,1368.0
715,google,laptop,false,10,18.0,450.0,China,false,0.0,0.0
716,social,tablet,true,5,1.0,878.0,China,false,0.0,0.0
717,yahoo,laptop,true,2,1.0,731.0,Poland,false,0.0,0.0
718,yahoo,mobile,true,3,1.0,415.0,Indonesia,false,0.0,0.0
719,direct,tablet,false,10,14.0,252.0,China,false,0.0,0.0
720,direct,laptop,true,4,1.0,896.0,China,false,0.0,0.0
721,google,mobile,false,4,16.0,416.0,Thailand,false,0.0,0.0
722,bing,mobile,true,10,1.0,847.0,Yemen,false,0.0,0.0
723,google,mobile,false,5,3.0,66.0,Argentina,false,4.0,98.0
724,bing,laptop,true,3,1.0,550.0,Sweden,false,0.0,0.0
725,direct,laptop,false,6,14.0,336.0,Malta,true,5.0,154.0
726,google,mobile,true,0,1.0,132.0,Thailand,false,0.0,0.0
727,bing,mobile,true,5,1.0,541.0,Cuba,false,0.0,0.0
728,direct,tablet,true,8,1.0,528.0,China,false,0.0,0.0
729,google,laptop,false,0,3.0,45.0,China,false,0.0,0.0
730,social,mobile,true,5,1.0,155.0,Libya,false,0.0,0.0
731,social,laptop,false,8,7.0,105.0,Malaysia,false,1.0,2876.0
732,yahoo,mobile,false,4,18.0,468.0,Macedonia,true,9.0,2781.0
733,google,laptop,true,4,1.0,164.0,Russia,false,0.0,0.0
734,bing,mobile,true,3,1.0,479.0,Peru,false,0.0,0.0
735,yahoo,tablet,false,5,20.0,500.0,Norway,false,0.0,0.0
736,bing,tablet,false,1,14.0,168.0,Israel,false,0.0,0.0
737,google,mobile,true,9,1.0,994.0,Portugal,false,0.0,0.0
738,yahoo,mobile,true,10,1.0,761.0,Mexico,false,0.0,0.0
739,social,mobile,true,9,1.0,729.0,China,false,0.0,0.0
740,bing,mobile,false,9,2.0,24.0,Indonesia,false,0.0,0.0
741,direct,tablet,false,1,3.0,69.0,Philippines,false,4.0,1268.0
742,google,mobile,true,2,1.0,337.0,China,false,0.0,0.0
743,bing,tablet,false,1,18.0,180.0,Argentina,false,0.0,0.0
744,bing,tablet,true,2,1.0,489.0,Indonesia,false,0.0,0.0
745,direct,mobile,true,5,1.0,352.0,Mexico,false,0.0,0.0
746,yahoo,laptop,false,0,13.0,208.0,Portugal,false,1.0,1238.0
747,yahoo,mobile,false,10,7.0,140.0,Yemen,false,0.0,0.0
748,yahoo,mobile,true,7,1.0,124.0,Brazil,false,0.0,0.0
749,bing,laptop,false,0,17.0,272.0,Indonesia,true,9.0,1384.0
750,social,laptop,true,1,1.0,111.0,Indonesia,false,0.0,0.0
751,bing,tablet,true,4,1.0,892.0,Poland,false,0.0,0.0
752,google,mobile,true,0,1.0,851.0,Indonesia,false,0.0,0.0
753,yahoo,laptop,false,7,16.0,320.0,United States,false,0.0,0.0
754,google,mobile,true,9,1.0,409.0,Greece,false,0.0,0.0
755,google,tablet,false,8,3.0,69.0,Poland,false,7.0,2671.0
756,yahoo,tablet,false,6,8.0,224.0,France,false,5.0,462.0
757,yahoo,tablet,true,1,1.0,263.0,China,false,0.0,0.0
758,direct,tablet,true,4,1.0,141.0,China,false,0.0,0.0
759,google,tablet,false,8,2.0,60.0,Greece,false,2.0,388.0
760,social,tablet,false,9,6.0,114.0,China,false,0.0,0.0
761,bing,mobile,false,1,18.0,252.0,Sweden,false,0.0,0.0
762,direct,laptop,true,2,1.0,578.0,China,false,0.0,0.0
763,social,laptop,true,4,1.0,186.0,Brazil,false,0.0,0.0
764,yahoo,mobile,true,9,1.0,919.0,Comoros,false,0.0,0.0
765,bing,laptop,false,8,10.0,260.0,China,true,7.0,1531.0
766,google,laptop,true,6,1.0,402.0,Indonesia,false,0.0,0.0
767,direct,tablet,false,5,12.0,144.0,Poland,false,4.0,2419.0
768,bing,tablet,false,2,17.0,510.0,United States,false,0.0,0.0
769,bing,mobile,false,10,8.0,176.0,China,false,0.0,0.0
770,bing,laptop,false,8,6.0,180.0,China,false,3.0,576.0
771,direct,tablet,true,1,1.0,946.0,Philippines,false,0.0,0.0
772,social,mobile,false,6,9.0,126.0,Norway,false,0.0,0.0
773,bing,laptop,true,1,1.0,169.0,Argentina,false,0.0,0.0
774,direct,laptop,true,0,1.0,93.0,Japan,false,0.0,0.0
775,social,laptop,false,8,3.0,66.0,Morocco,false,8.0,2717.0
776,direct,mobile,false,7,19.0,570.0,Philippines,false,0.0,0.0
777,direct,mobile,true,8,1.0,886.0,Russia,false,0.0,0.0
778,social,mobile,true,3,1.0,876.0,Colombia,false,0.0,0.0
779,social,laptop,true,4,1.0,866.0,Haiti,false,0.0,0.0
780,direct,mobile,false,7,15.0,210.0,Tanzania,false,3.0,1320.0
781,google,laptop,true,2,1.0,863.0,Hungary,false,0.0,0.0
782,direct,mobile,true,1,1.0,129.0,Argentina,false,0.0,0.0
783,social,laptop,true,10,1.0,45.0,Portugal,false,0.0,0.0
784,direct,tablet,false,6,20.0,540.0,Indonesia,false,0.0,0.0
785,direct,tablet,false,3,10.0,260.0,Philippines,true,7.0,980.0
786,yahoo,mobile,false,8,5.0,115.0,Guatemala,false,0.0,0.0
787,bing,mobile,true,9,1.0,638.0,South Africa,false,0.0,0.0
788,yahoo,mobile,false,9,7.0,147.0,United Kingdom,false,6.0,29.0
789,bing,laptop,false,10,17.0,493.0,China,false,0.0,0.0
790,yahoo,tablet,true,2,1.0,772.0,Ukraine,false,0.0,0.0
791,google,mobile,false,3,16.0,256.0,Indonesia,true,1.0,2845.0
792,social,laptop,false,1,4.0,64.0,Malaysia,false,0.0,0.0
793,bing,laptop,true,5,1.0,135.0,Denmark,false,0.0,0.0
794,direct,mobile,false,2,9.0,243.0,Indonesia,false,0.0,0.0
795,direct,tablet,true,8,1.0,404.0,China,false,0.0,0.0
796,google,tablet,false,3,8.0,112.0,China,false,0.0,0.0
797,yahoo,tablet,true,10,1.0,406.0,Myanmar,false,0.0,0.0
798,direct,laptop,true,4,1.0,158.0,Serbia,false,0.0,0.0
799,yahoo,mobile,false,10,7.0,77.0,Luxembourg,false,8.0,1503.0
800,social,tablet,true,4,1.0,392.0,Honduras,false,0.0,0.0
801,bing,mobile,false,5,14.0,140.0,Peru,false,0.0,0.0
802,direct,mobile,false,8,15.0,180.0,Philippines,false,10.0,68.0
803,yahoo,laptop,true,8,1.0,630.0,Israel,false,0.0,0.0
804,social,tablet,false,0,2.0,46.0,Russia,false,0.0,0.0
805,google,tablet,false,8,3.0,33.0,China,false,0.0,0.0
806,social,mobile,false,0,1.0,30.0,France,false,4.0,1516.0
807,google,tablet,true,0,1.0,755.0,Nigeria,false,0.0,0.0
808,bing,mobile,true,8,1.0,202.0,Egypt,false,0.0,0.0
809,yahoo,mobile,false,1,19.0,399.0,Indonesia,true,3.0,2882.0
810,bing,mobile,true,3,1.0,119.0,Indonesia,false,0.0,0.0
811,social,tablet,false,3,15.0,435.0,Malaysia,false,0.0,0.0
812,bing,mobile,false,1,12.0,168.0,Japan,false,0.0,0.0
813,direct,laptop,false,0,14.0,252.0,Poland,true,3.0,2560.0
814,google,mobile,false,9,1.0,23.0,China,false,4.0,26.0
815,yahoo,mobile,false,7,19.0,494.0,China,true,2.0,1762.0
816,yahoo,tablet,true,5,1.0,251.0,Philippines,false,0.0,0.0
817,social,laptop,true,6,1.0,426.0,Nigeria,false,0.0,0.0
818,social,mobile,true,4,1.0,662.0,Colombia,false,0.0,0.0
819,google,mobile,true,0,1.0,134.0,France,false,0.0,0.0
820,google,tablet,false,1,9.0,90.0,Reunion,false,0.0,0.0
821,social,tablet,false,8,6.0,156.0,China,false,0.0,0.0
822,bing,laptop,false,4,11.0,198.0,China,false,0.0,0.0
823,social,mobile,false,7,12.0,132.0,Thailand,false,0.0,0.0
824,yahoo,laptop,true,2,1.0,997.0,Somalia,false,0.0,0.0
825,direct,laptop,false,6,17.0,204.0,United Kingdom,false,7.0,1523.0
826,direct,mobile,true,7,1.0,764.0,Tunisia,false,0.0,0.0
827,google,tablet,false,5,20.0,280.0,China,true,5.0,2429.0
828,bing,tablet,false,3,15.0,390.0,Peru,true,8.0,1153.0
829,google,laptop,false,3,20.0,460.0,China,false,0.0,0.0
830,google,mobile,true,3,1.0,918.0,Mexico,false,0.0,0.0
831,google,tablet,true,10,1.0,512.0,Malaysia,false,0.0,0.0
832,direct,tablet,true,1,1.0,103.0,Indonesia,false,0.0,0.0
833,direct,mobile,false,5,8.0,112.0,Uganda,false,0.0,0.0
834,yahoo,tablet,false,8,3.0,36.0,France,false,0.0,0.0
835,bing,tablet,true,4,1.0,585.0,Philippines,false,0.0,0.0
836,social,laptop,true,0,1.0,651.0,France,false,0.0,0.0
837,yahoo,mobile,true,7,1.0,632.0,Portugal,false,0.0,0.0
838,yahoo,mobile,false,10,7.0,126.0,Malawi,false,10.0,1992.0
839,social,laptop,false,8,15.0,240.0,Dominican Republic,false,5.0,2991.0
840,direct,laptop,false,0,7.0,161.0,Indonesia,false,10.0,2235.0
841,yahoo,tablet,false,7,18.0,198.0,China,false,2.0,820.0
842,social,laptop,false,8,13.0,364.0,South Korea,true,4.0,2717.0
843,google,mobile,false,4,10.0,200.0,China,false,0.0,0.0
844,social,tablet,true,5,1.0,752.0,Indonesia,false,0.0,0.0
845,social,tablet,false,0,7.0,175.0,China,false,0.0,0.0
846,direct,tablet,true,9,1.0,709.0,Russia,false,0.0,0.0
847,yahoo,mobile,true,0,1.0,895.0,Russia,false,0.0,0.0
848,bing,mobile,false,6,20.0,480.0,Thailand,false,0.0,0.0
849,yahoo,tablet,false,9,2.0,54.0,China,false,0.0,0.0
850,bing,tablet,true,3,1.0,134.0,Greece,false,0.0,0.0
851,direct,laptop,true,2,1.0,111.0,Portugal,false,0.0,0.0
852,bing,tablet,true,0,1.0,845.0,Philippines,false,0.0,0.0
853,bing,tablet,false,7,2.0,34.0,Afghanistan,false,10.0,2122.0
854,bing,tablet,true,5,1.0,999.0,France,false,0.0,0.0
855,direct,laptop,true,5,1.0,973.0,China,false,0.0,0.0
856,social,laptop,true,8,1.0,903.0,Russia,false,0.0,0.0
857,google,tablet,true,7,1.0,693.0,France,false,0.0,0.0
858,google,tablet,true,6,1.0,551.0,Indonesia,false,0.0,0.0
859,yahoo,tablet,true,0,1.0,800.0,Peru,false,0.0,0.0
860,google,tablet,false,5,10.0,180.0,Philippines,false,1.0,1936.0
861,yahoo,tablet,true,1,1.0,339.0,Indonesia,false,0.0,0.0
862,yahoo,laptop,true,7,1.0,55.0,Philippines,false,0.0,0.0
863,social,tablet,true,5,1.0,387.0,China,false,0.0,0.0
864,direct,mobile,false,10,3.0,33.0,China,false,0.0,0.0
865,social,tablet,true,1,1.0,609.0,Philippines,false,0.0,0.0
866,social,mobile,false,3,8.0,184.0,China,false,0.0,0.0
867,social,tablet,true,5,1.0,50.0,Russia,false,0.0,0.0
868,google,tablet,false,9,14.0,308.0,Democratic Republic of the Congo,true,7.0,2436.0
869,bing,laptop,true,6,1.0,199.0,China,false,0.0,0.0
870,social,mobile,true,6,1.0,193.0,Philippines,false,0.0,0.0
871,yahoo,mobile,false,0,15.0,255.0,China,false,0.0,0.0
872,direct,mobile,true,2,1.0,217.0,Macedonia,false,0.0,0.0
873,direct,tablet,false,4,2.0,26.0,Latvia,false,10.0,1564.0
874,yahoo,mobile,false,8,4.0,112.0,Russia,false,7.0,621.0
875,direct,laptop,false,2,4.0,80.0,United States,false,0.0,0.0
876,direct,laptop,false,4,2.0,44.0,United States,false,8.0,1801.0
877,social,mobile,false,0,8.0,160.0,Indonesia,false,0.0,0.0
878,yahoo,laptop,true,7,1.0,163.0,Brazil,false,0.0,0.0
879,google,mobile,false,2,15.0,210.0,United Kingdom,false,0.0,0.0
880,direct,mobile,true,2,1.0,357.0,Niue,false,0.0,0.0
881,google,mobile,true,7,1.0,301.0,Portugal,false,0.0,0.0
882,direct,laptop,false,1,14.0,364.0,Indonesia,true,1.0,2802.0
883,yahoo,mobile,true,4,1.0,377.0,Brazil,false,0.0,0.0
884,direct,tablet,false,0,18.0,252.0,Brazil,false,0.0,0.0
885,social,laptop,true,7,1.0,403.0,China,false,0.0,0.0
886,bing,mobile,false,0,16.0,272.0,Peru,false,0.0,0.0
887,google,tablet,false,2,14.0,266.0,Japan,false,0.0,0.0
888,bing,tablet,false,10,17.0,442.0,China,false,0.0,0.0
889,google,mobile,false,5,16.0,320.0,Argentina,true,9.0,399.0
890,social,laptop,true,0,1.0,52.0,Russia,false,0.0,0.0
891,bing,tablet,false,4,15.0,405.0,Portugal,false,0.0,0.0
892,google,tablet,true,8,1.0,891.0,China,false,0.0,0.0
893,yahoo,laptop,false,2,9.0,162.0,Thailand,false,0.0,0.0
894,bing,laptop,true,9,1.0,162.0,Indonesia,false,0.0,0.0
895,bing,tablet,true,0,1.0,425.0,China,false,0.0,0.0
896,yahoo,mobile,false,9,4.0,100.0,Brazil,false,0.0,0.0
897,direct,mobile,false,1,17.0,187.0,Colombia,false,2.0,2094.0
898,bing,laptop,false,7,8.0,112.0,Venezuela,false,0.0,0.0
899,direct,tablet,true,0,1.0,803.0,Indonesia,false,0.0,0.0
900,social,tablet,false,1,19.0,399.0,Philippines,true,5.0,2043.0
901,yahoo,mobile,false,5,12.0,252.0,Madagascar,false,0.0,0.0
902,social,laptop,true,2,1.0,297.0,New Zealand,false,0.0,0.0
903,google,laptop,false,4,9.0,117.0,Iran,false,4.0,1725.0
904,social,tablet,true,9,1.0,509.0,Chile,false,0.0,0.0
905,bing,tablet,false,5,18.0,216.0,Indonesia,false,7.0,2826.0
906,yahoo,tablet,false,9,2.0,34.0,Tanzania,false,0.0,0.0
907,google,tablet,false,7,5.0,60.0,Azerbaijan,false,0.0,0.0
908,google,laptop,true,5,1.0,484.0,Philippines,false,0.0,0.0
909,bing,mobile,false,6,18.0,342.0,Colombia,true,1.0,637.0
910,google,laptop,false,10,4.0,60.0,Russia,false,0.0,0.0
911,bing,tablet,false,5,8.0,216.0,Japan,false,8.0,1722.0
912,google,laptop,true,10,1.0,579.0,China,false,0.0,0.0
913,direct,laptop,false,2,18.0,324.0,China,true,10.0,1736.0
914,bing,mobile,false,4,2.0,46.0,Sweden,false,5.0,1607.0
915,social,mobile,false,7,1.0,22.0,Portugal,false,0.0,0.0
916,social,mobile,false,7,12.0,192.0,Philippines,false,6.0,735.0
917,yahoo,laptop,true,2,1.0,653.0,Indonesia,false,0.0,0.0
918,google,mobile,true,5,1.0,988.0,Bangladesh,false,0.0,0.0
919,direct,laptop,true,5,1.0,190.0,Thailand,false,0.0,0.0
920,yahoo,mobile,true,6,1.0,47.0,China,false,0.0,0.0
921,bing,tablet,false,1,20.0,280.0,Thailand,true,5.0,2857.0
922,google,tablet,false,8,10.0,210.0,Portugal,false,0.0,0.0
923,google,mobile,false,5,15.0,150.0,China,false,0.0,0.0
924,social,tablet,false,10,11.0,330.0,China,true,1.0,2171.0
925,yahoo,laptop,true,2,1.0,83.0,Czech Republic,false,0.0,0.0
926,yahoo,mobile,false,5,2.0,50.0,China,false,0.0,0.0
927,social,tablet,false,1,7.0,77.0,Vietnam,false,0.0,0.0
928,bing,mobile,true,5,1.0,475.0,Portugal,false,0.0,0.0
929,social,tablet,true,3,1.0,111.0,China,false,0.0,0.0
930,social,tablet,false,5,10.0,200.0,Saudi Arabia,false,9.0,964.0
931,direct,tablet,false,10,18.0,324.0,China,true,10.0,1497.0
932,google,laptop,false,2,17.0,391.0,Ukraine,false,0.0,0.0
933,google,mobile,false,9,6.0,96.0,Portugal,false,8.0,1354.0
934,yahoo,mobile,false,1,17.0,442.0,United States,true,3.0,1749.0
935,social,tablet,true,1,1.0,449.0,Slovenia,false,0.0,0.0
936,google,mobile,false,1,20.0,320.0,Palestinian Territory,false,0.0,0.0
937,google,mobile,false,3,10.0,190.0,Indonesia,false,3.0,1421.0
938,google,laptop,true,5,1.0,951.0,Brazil,false,0.0,0.0
939,google,tablet,true,5,1.0,391.0,Mali,false,0.0,0.0
940,yahoo,tablet,true,4,1.0,326.0,Venezuela,false,0.0,0.0
941,direct,tablet,false,8,5.0,50.0,Czech Republic,false,7.0,27.0
942,google,tablet,true,6,1.0,966.0,Cuba,false,0.0,0.0
943,social,tablet,true,5,1.0,667.0,China,false,0.0,0.0
944,yahoo,mobile,false,7,15.0,345.0,Gambia,false,0.0,0.0
945,yahoo,tablet,false,6,6.0,90.0,China,false,0.0,0.0
946,direct,mobile,false,1,15.0,180.0,Kenya,false,5.0,1093.0
947,social,tablet,true,9,1.0,157.0,Portugal,false,0.0,0.0
948,social,tablet,false,10,13.0,247.0,Brazil,false,0.0,0.0
949,bing,mobile,false,10,1.0,26.0,China,false,0.0,0.0
950,bing,mobile,false,6,12.0,144.0,France,false,0.0,0.0
951,yahoo,tablet,false,4,1.0,17.0,Poland,false,3.0,1478.0
952,bing,tablet,false,4,15.0,435.0,China,true,4.0,389.0
953,yahoo,mobile,false,5,5.0,150.0,Philippines,false,10.0,2591.0
954,google,tablet,true,8,1.0,617.0,Argentina,false,0.0,0.0
955,google,mobile,true,6,1.0,965.0,Netherlands,false,0.0,0.0
956,google,laptop,true,3,1.0,561.0,China,false,0.0,0.0
957,google,tablet,false,3,13.0,338.0,Czech Republic,false,0.0,0.0
958,direct,tablet,true,4,1.0,136.0,Poland,false,0.0,0.0
959,direct,mobile,false,1,9.0,135.0,Indonesia,false,0.0,0.0
960,yahoo,laptop,false,2,8.0,232.0,Russia,false,0.0,0.0
961,direct,tablet,false,3,18.0,522.0,China,true,5.0,2648.0
962,yahoo,laptop,true,6,1.0,801.0,Poland,false,0.0,0.0
963,bing,laptop,true,4,1.0,857.0,Philippines,false,0.0,0.0
964,bing,mobile,true,4,1.0,247.0,Greece,false,0.0,0.0
965,google,laptop,false,2,6.0,174.0,Peru,false,0.0,0.0
966,social,tablet,true,7,1.0,849.0,Honduras,false,0.0,0.0
967,social,laptop,false,6,10.0,150.0,Thailand,false,10.0,1397.0
968,google,tablet,false,4,16.0,448.0,China,true,5.0,982.0
969,bing,laptop,true,10,1.0,210.0,Indonesia,false,0.0,0.0
970,direct,laptop,true,8,1.0,913.0,United Kingdom,false,0.0,0.0
971,google,laptop,true,0,1.0,637.0,China,false,0.0,0.0
972,google,mobile,true,4,1.0,425.0,Tunisia,false,0.0,0.0
973,social,mobile,true,4,1.0,305.0,Peru,false,0.0,0.0
974,yahoo,tablet,true,3,1.0,212.0,Indonesia,false,0.0,0.0
975,bing,tablet,false,10,2.0,38.0,Philippines,false,0.0,0.0
976,google,tablet,false,1,7.0,112.0,Portugal,false,0.0,0.0
977,google,laptop,true,6,1.0,369.0,China,false,0.0,0.0
978,direct,laptop,true,1,1.0,433.0,Philippines,false,0.0,0.0
979,social,tablet,false,3,4.0,44.0,Poland,false,8.0,1390.0
980,yahoo,mobile,false,7,6.0,102.0,Portugal,false,7.0,2006.0
981,google,mobile,true,2,1.0,85.0,Sweden,false,0.0,0.0
982,yahoo,tablet,true,0,1.0,929.0,Indonesia,false,0.0,0.0
983,yahoo,mobile,true,3,1.0,636.0,China,false,0.0,0.0
984,google,mobile,true,1,1.0,934.0,Sweden,false,0.0,0.0
985,social,mobile,false,10,17.0,459.0,China,false,0.0,0.0
986,google,laptop,true,7,1.0,79.0,Thailand,false,0.0,0.0
987,bing,laptop,false,4,11.0,187.0,Mexico,false,4.0,510.0
988,direct,laptop,false,0,15.0,255.0,Indonesia,false,0.0,0.0
989,yahoo,laptop,false,2,12.0,144.0,Peru,false,5.0,2397.0
990,social,laptop,true,7,1.0,122.0,Brazil,false,0.0,0.0
991,yahoo,mobile,false,8,11.0,330.0,Latvia,true,4.0,2409.0
992,social,tablet,false,5,17.0,306.0,China,true,8.0,1232.0
993,direct,tablet,true,6,1.0,961.0,Albania,false,0.0,0.0
994,google,tablet,true,2,1.0,239.0,Indonesia,false,0.0,0.0
995,google,tablet,false,7,12.0,156.0,Malaysia,false,0.0,0.0
996,yahoo,mobile,true,9,1.0,123.0,Portugal,false,0.0,0.0
997,google,laptop,false,6,13.0,325.0,Thailand,true,5.0,2250.0
998,social,tablet,true,4,1.0,118.0,China,false,0.0,0.0
999,yahoo,mobile,true,1,1.0,714.0,Portugal,false,0.0,0.0
1000,google,mobile,true,9,1.0,269.0,China,false,0.0,0.0
