Employee_Name,EmpID,MarriedID,MaritalStatusID,GenderID,EmpStatusID,DeptID,PerfScoreID,FromDiversityJobFairID,PayRate,Termd,PositionID,Position,State,Zip,DOB,Sex,MaritalDesc,CitizenDesc,HispanicLatino,RaceDesc,DateofHire,DateofTermination,TermReason,EmploymentStatus,Department,ManagerName,ManagerID,RecruitmentSource,PerformanceScore,EngagementSurvey,EmpSatisfaction,SpecialProjectsCount,LastPerformanceReview_Date,DaysLateLast30
"Brown, Mia",1103024456,1,1,0,1,1,3,1,28.50,0,1,Accountant I,MA,01450,11/24/87,F,Married,US Citizen,No,Black or African American,10/27/2008,,N/A - still employed,Active,Admin Offices,Brandon R. LeBlanc,1,Diversity Job Fair,Fully Meets,2.04,2,6,1/15/2019,0
"LaRotonda, William  ",1106026572,0,2,1,1,1,3,0,23.00,0,1,Accountant I,MA,01460,04/26/84,M ,Divorced,US Citizen,No,Black or African American,1/6/2014,,N/A - still employed,Active,Admin Offices,Brandon R. LeBlanc,1,Website Banner Ads,Fully Meets,5.00,4,4,1/17/2019,0
"Steans, Tyrone  ",1302053333,0,0,1,1,1,3,0,29.00,0,1,Accountant I,MA,02703,09/01/86,M ,Single,US Citizen,No,White,9/29/2014,,N/A - still employed,Active,Admin Offices,Brandon R. LeBlanc,1,Internet Search,Fully Meets,3.90,5,5,1/18/2019,0
"Howard, Estelle",1211050782,1,1,0,1,1,3,0,21.50,1,2,Administrative Assistant,MA,02170,09/16/85,F,Married,US Citizen,No,White,2/16/2015,04/15/15,,Terminated for Cause,Admin Offices,Brandon R. LeBlanc,1,Pay Per Click - Google,Fully Meets,3.24,3,4,,
"Singh, Nan ",1307059817,0,0,0,1,1,3,0,16.56,0,2,Administrative Assistant,MA,02330,05/19/88,F,Single,US Citizen,No,White,5/1/2015,,N/A - still employed,Active,Admin Offices,Brandon R. LeBlanc,1,Website Banner Ads,Fully Meets,5.00,3,5,1/15/2019,0
"Smith, Leigh Ann",711007713,1,1,0,5,1,3,1,20.50,1,2,Administrative Assistant,MA,01844,06/14/87,F,Married,US Citizen,No,Asian,9/26/2011,09/25/13,career change,Voluntarily Terminated,Admin Offices,Brandon R. LeBlanc,1,Diversity Job Fair,Fully Meets,3.80,4,4,,
"Bunbury, Jessica",1504073368,1,1,0,5,6,3,0,55.00,1,3,Area Sales Manager,VA,21851,06/01/64,F,Married,Eligible NonCitizen,No,Black or African American,8/15/2011,08/02/14,Another position,Voluntarily Terminated,Sales,John Smith,17,Social Networks - Facebook Twitter etc,Fully Meets,3.14,5,0,,
"Carter, Michelle ",1403065721,0,0,0,1,6,3,0,55.00,0,3,Area Sales Manager,VT,05664,05/15/63,F,Single,US Citizen,No,White,8/18/2014,,N/A - still employed,Active,Sales,John Smith,17,Billboard,Fully Meets,5.00,5,0,1/21/2019,0
"Dietrich, Jenna  ",1408069481,0,0,0,1,6,1,0,55.00,0,3,Area Sales Manager,WA,98052,05/14/87,F,Single,US Citizen,Yes,White,2/20/2012,,N/A - still employed,Active,Sales,John Smith,17,Website Banner Ads,PIP,2.30,1,0,1/29/2019,0
"Digitale, Alfred",1306059197,1,1,1,1,6,3,0,56.00,0,3,Area Sales Manager,NH,03062,09/14/88,M ,Married,US Citizen,No,American Indian or Alaska Native,8/18/2014,,N/A - still employed,Active,Sales,John Smith,17,Pay Per Click - Google,Fully Meets,3.60,5,0,1/30/2019,0
"Friedman, Gerry",1204032843,0,0,1,1,6,3,1,55.50,0,3,Area Sales Manager,NY,10171,02/24/69,M ,Single,US Citizen,Yes,Two or more races,3/7/2011,,N/A - still employed,Active,Sales,John Smith,17,Diversity Job Fair,Fully Meets,3.65,5,0,1/17/2019,0
"Gill, Whitney  ",1302053046,0,4,0,4,6,3,0,55.00,1,3,Area Sales Manager,OH,43050,07/10/71,F,Widowed,US Citizen,No,Black or African American,7/7/2014,09/05/15,attendance,Terminated for Cause,Sales,John Smith,17,Monster.com,Fully Meets,3.97,4,0,,
"Gonzales, Ricardo",1411071481,1,1,1,1,6,3,0,55.50,0,3,Area Sales Manager,ID,83706,10/12/54,M ,Married,US Citizen,No,White,5/12/2014,,N/A - still employed,Active,Sales,John Smith,17,Monster.com,Fully Meets,3.98,3,0,1/28/2019,0
"Guilianno, Mike",1001167253,0,0,1,5,6,3,0,55.00,1,3,Area Sales Manager,TN,37129,02/09/69,M ,Single,US Citizen,No,Two or more races,3/7/2011,10/31/14,relocation out of area,Voluntarily Terminated,Sales,John Smith,17,Newspager/Magazine,Fully Meets,4.50,5,0,,
"Leruth, Giovanni",1412071660,0,3,1,1,6,3,0,55.00,0,3,Area Sales Manager,UT,84111,12/27/88,M ,Separated,US Citizen,No,Black or African American,4/30/2012,,N/A - still employed,Active,Sales,John Smith,17,Website Banner Ads,Fully Meets,4.53,3,0,1/29/2019,0
"Mullaney, Howard",1306057978,0,0,1,1,6,1,0,55.00,0,3,Area Sales Manager,AL,36006,11/02/75,M ,Single,US Citizen,No,Two or more races,9/29/2014,,N/A - still employed,Active,Sales,John Smith,17,Internet Search,PIP,1.93,3,0,1/30/2019,0
"Ozark, Travis",812011761,0,0,1,1,6,3,0,55.00,0,3,Area Sales Manager,NC,27229,05/19/82,M ,Single,US Citizen,No,White,1/5/2015,,N/A - still employed,Active,Sales,John Smith,17,Website Banner Ads,Fully Meets,5.00,5,0,1/14/2019,0
"Strong, Caitrin",1411071295,1,1,0,1,6,3,0,54.00,0,3,Area Sales Manager,MT,59102,05/12/89,F,Married,US Citizen,No,Black or African American,9/27/2010,,N/A - still employed,Active,Sales,John Smith,17,Professional Society,Fully Meets,2.00,4,0,1/31/2019,0
"Valentin,Jackie",1312063714,1,1,0,1,6,3,0,55.00,0,3,Area Sales Manager,AZ,85006,05/23/91,F,Married,US Citizen,No,Two or more races,7/5/2011,,N/A - still employed,Active,Sales,John Smith,17,Other,Fully Meets,2.81,3,0,1/17/2019,0
"Villanueva, Noah",1111030503,0,0,1,1,6,3,0,56.00,0,3,Area Sales Manager,ME,04063,07/11/89,M ,Single,US Citizen,No,Asian,3/5/2012,,N/A - still employed,Active,Sales,John Smith,17,Website Banner Ads,Fully Meets,1.77,4,0,1/18/2019,0
"Buck, Edward",1504073313,1,1,1,1,6,3,0,55.00,0,3,Area Sales Manager,MA,02330,07/07/75,M ,Married,US Citizen,No,White,9/29/2014,,N/A - still employed,Active,Sales,Lynn Daneault,21,Employee Referral,Fully Meets,3.31,5,0,1/28/2019,0
"Costa, Latia",1409070567,0,0,0,1,6,4,0,55.00,0,3,Area Sales Manager,CA,90007,11/08/88,F,Single,US Citizen,No,White,1/10/2011,,N/A - still employed,Active,Sales,Lynn Daneault,21,Other,Exceeds,4.77,5,0,1/27/2019,0
"Fraval, Maruk ",1411071302,0,0,1,1,6,3,0,55.00,0,3,Area Sales Manager,CT,06050,08/28/63,M ,Single,US Citizen,No,Black or African American,9/6/2011,,N/A - still employed,Active,Sales,Lynn Daneault,21,Monster.com,Fully Meets,1.64,3,0,1/27/2019,0
"Givens, Myriam",1203032099,0,0,0,1,6,3,0,55.00,0,3,Area Sales Manager,IN,46204,09/22/89,F,Single,US Citizen,No,White,2/16/2015,,N/A - still employed,Active,Sales,Lynn Daneault,21,Pay Per Click - Google,Fully Meets,1.72,5,0,1/25/2019,0
Jeremy Prater,1001084890,1,1,1,1,6,1,0,56.00,0,3,Area Sales Manager,NV,89139,05/09/74,M ,Married,US Citizen,No,White,5/12/2014,,N/A - still employed,Active,Sales,Lynn Daneault,21,Website Banner Ads,PIP,1.81,2,0,1/17/2019,0
"Khemmich, Bartholemew",1104025008,0,0,1,1,6,3,0,55.00,0,3,Area Sales Manager,CO,80820,11/27/79,M ,Single,US Citizen,No,White,8/19/2013,,N/A - still employed,Active,Sales,Lynn Daneault,21,Pay Per Click - Google,Fully Meets,2.19,5,0,1/22/2019,0
"Martins, Joseph",1209048771,0,0,1,1,6,3,0,56.00,0,3,Area Sales Manager,TX,78207,06/11/70,M ,Single,Eligible NonCitizen,No,Black or African American,5/14/2012,,N/A - still employed,Active,Sales,Lynn Daneault,21,Employee Referral,Fully Meets,2.94,5,0,1/19/2019,0
"McKinzie, Jac",1209049326,1,1,1,2,6,3,0,55.00,0,3,Area Sales Manager,TX,78789,07/01/84,M ,Married,US Citizen,No,Two or more races,7/6/2016,,N/A - Has not started yet,Future Start,Sales,Lynn Daneault,21,Website Banner Ads,Fully Meets,2.91,4,0,1/29/2019,0
"Nguyen, Dheepa",1111030684,0,0,0,1,6,3,0,55.00,0,3,Area Sales Manager,GA,30428,03/31/89,F,Single,US Citizen,No,Two or more races,7/8/2013,,N/A - still employed,Active,Sales,Lynn Daneault,21,Pay Per Click - Google,Fully Meets,5.00,5,0,1/25/2019,0
"Onque, Jasmine",1501072180,0,0,0,1,6,3,0,57.00,0,3,Area Sales Manager,FL,33174,05/11/90,F,Single,US Citizen,Yes,White,9/30/2013,,N/A - still employed,Active,Sales,Lynn Daneault,21,Pay Per Click - Google,Fully Meets,4.28,3,0,1/25/2019,0
"Potts, Xana",1102024106,1,1,0,1,6,3,0,55.00,0,3,Area Sales Manager,KY,40220,08/29/88,F,Married,US Citizen,No,Black or African American,1/9/2012,,N/A - still employed,Active,Sales,Lynn Daneault,21,Website Banner Ads,Fully Meets,4.20,5,0,2/1/2019,0
"Riordan, Michael",1502072711,0,3,1,1,6,4,0,55.00,0,3,Area Sales Manager,ND,58782,01/15/68,M ,Separated,US Citizen,No,White,1/9/2006,,N/A - still employed,Active,Sales,Lynn Daneault,21,Billboard,Exceeds,4.10,3,0,1/4/2019,0
"Terry, Sharlene ",1401064637,0,0,0,1,6,3,0,55.00,0,3,Area Sales Manager,OR,97756,05/07/65,F,Single,US Citizen,No,Black or African American,9/29/2014,,N/A - still employed,Active,Sales,Lynn Daneault,21,Monster.com,Fully Meets,3.69,3,0,1/28/2019,0
"Rachael, Maggie",1009919940,1,1,0,1,3,3,0,45.00,0,4,BI Developer,MA,02110,05/12/80,F,Married,US Citizen,No,Black or African American,10/2/2016,,N/A - still employed,Active,IT/IS,Brian Champaigne,13,Indeed,Fully Meets,2.02,4,6,2/6/2019,0
"Smith, Jason",1009919980,0,0,1,1,3,3,0,46.00,0,4,BI Developer,MA,02045,09/04/83,M ,Single,US Citizen,No,White,2/15/2017,,N/A - still employed,Active,IT/IS,Brian Champaigne,13,Indeed,Fully Meets,3.01,5,7,1/23/2019,0
"Westinghouse, Matthew",1009919990,1,1,1,1,3,3,0,45.00,0,4,BI Developer,MA,02134,10/24/87,M ,Married,US Citizen,No,White,4/20/2017,,N/A - still employed,Active,IT/IS,Brian Champaigne,13,Indeed,Fully Meets,1.82,3,6,1/2/2019,0
"Hubert, Robert",1009920000,1,1,1,1,3,3,0,45.00,0,4,BI Developer,MA,02134,06/30/89,M ,Married,US Citizen,No,Black or African American,4/20/2017,,N/A - still employed,Active,IT/IS,Brian Champaigne,13,Indeed,Fully Meets,2.06,5,5,1/28/2019,0
"Champaigne, Brian",1009919920,1,1,1,1,3,3,0,63.50,0,5,BI Director,MA,02045,02/09/72,M ,Married,US Citizen,No,White,9/6/2016,,N/A - still employed,Active,IT/IS,Jennifer Zamora,5,Professional Society,Fully Meets,4.50,5,7,1/15/2019,0
"Zamora, Jennifer",1112030816,0,0,0,1,3,4,0,65.00,0,6,CIO,MA,02067,08/30/79,F,Single,US Citizen,No,White,4/10/2010,,N/A - still employed,Active,IT/IS,Janet King,2,Employee Referral,Exceeds,1.12,5,6,2/21/2019,0
"Roper, Katie",1009919950,0,0,0,1,3,3,0,55.00,0,7,Data Architect,MA,02056,11/21/72,F,Single,US Citizen,No,Black or African American,1/7/2017,,N/A - still employed,Active,IT/IS,Brian Champaigne,13,Indeed,Fully Meets,4.94,3,5,2/6/2019,0
"Becker, Renee",1102024056,0,0,0,4,3,3,0,43.00,1,8,Database Administrator,MA,02026,04/04/86,F,Single,US Citizen,Yes,White,7/7/2014,09/12/15,performance,Terminated for Cause,IT/IS,Simon Roup,4,Search Engine - Google Bing Yahoo,Fully Meets,1.87,4,5,,
"Goble, Taisha",905013738,0,0,0,4,3,3,0,48.50,1,8,Database Administrator,MA,02127,10/23/71,F,Single,US Citizen,No,White,2/16/2015,03/15/15,"no-call, no-show",Terminated for Cause,IT/IS,Simon Roup,4,Glassdoor,Fully Meets,1.87,4,4,,
"Hernandez, Daniff",1410071156,1,1,1,4,3,3,0,40.10,1,8,Database Administrator,MA,01960,08/07/86,M ,Married,US Citizen,No,Black or African American,2/16/2015,02/22/15,"no-call, no-show",Terminated for Cause,IT/IS,Simon Roup,4,Employee Referral,Fully Meets,4.33,3,7,,
"Horton, Jayne",1105025718,0,0,0,1,3,3,0,34.00,0,8,Database Administrator,MA,02493,02/21/84,F,Single,US Citizen,No,White,3/30/2015,,N/A - still employed,Active,IT/IS,Simon Roup,4,Glassdoor,Fully Meets,4.48,5,6,1/3/2019,0
"Johnson, Noelle ",1003018246,1,1,0,3,3,3,0,40.00,0,8,Database Administrator,MA,02301,11/07/86,F,Married,US Citizen,No,Asian,1/5/2015,,N/A - still employed,Leave of Absence,IT/IS,Simon Roup,4,Glassdoor,Fully Meets,3.75,3,5,2/11/2019,0
"Murray, Thomas",1406068403,0,2,1,1,3,4,1,35.50,0,9,Data Analyst,TX,78230,07/04/88,M ,Divorced,US Citizen,No,Black or African American,11/10/2014,,N/A - still employed,Active,IT/IS,Simon Roup,4,Diversity Job Fair,Exceeds,4.28,4,5,2/25/2019,0
"Pearson, Randall",1102023965,1,1,1,5,3,3,0,41.00,1,9,Data Analyst,MA,02747,09/05/84,M ,Married,US Citizen,No,White,12/1/2014,05/01/16,performance,Voluntarily Terminated,IT/IS,Simon Roup,4,Employee Referral,Fully Meets,1.62,4,5,,
"Petrowsky, Thelma",1108027853,1,1,0,1,3,4,0,42.75,0,9,Data Analyst,MA,01886,09/16/84,F,Married,US Citizen,No,Asian,11/10/2014,,N/A - still employed,Active,IT/IS,Simon Roup,4,Employee Referral,Exceeds,3.71,5,7,1/4/2019,0
"Roby, Lori ",1407068885,1,1,0,1,3,3,0,39.55,0,9,Data Analyst,MA,01886,10/11/81,F,Married,US Citizen,No,White,2/16/2015,,N/A - still employed,Active,IT/IS,Simon Roup,4,Employee Referral,Fully Meets,3.69,5,6,2/14/2019,0
"Rogers, Ivan",1203032255,1,1,1,1,3,3,0,42.20,0,9,Data Analyst,MA,01810,08/26/86,M ,Married,US Citizen,No,White,3/30/2015,,N/A - still employed,Active,IT/IS,Simon Roup,4,Pay Per Click - Google,Fully Meets,3.04,3,6,1/22/2019,0
"Salter, Jason",1111030148,0,2,1,5,3,3,0,45.00,1,9,Data Analyst ,MA,02452,12/17/87,M ,Divorced,US Citizen,No,Black or African American,1/5/2015,10/31/15,hours,Voluntarily Terminated,IT/IS,Simon Roup,4,Vendor Referral,Fully Meets,2.19,3,5,,
"Simard, Kramer",808010278,1,1,1,1,3,3,0,30.20,0,9,Data Analyst,MA,02110,02/08/70,M ,Married,US Citizen,Yes,White,1/5/2015,,N/A - still employed,Active,IT/IS,Simon Roup,4,Employee Referral,Fully Meets,3.32,3,7,1/14/2019,0
"Zhou, Julia",1110029732,0,0,0,1,3,3,0,31.40,0,9,Data Analyst,MA,02148,02/24/79,F,Single,US Citizen,No,White,3/30/2015,,N/A - still employed,Active,IT/IS,Simon Roup,4,Employee Referral,Fully Meets,5.00,3,5,2/1/2019,0
"Bramante, Elisa",1006020066,0,0,0,1,5,4,0,60.00,0,10,Director of Operations,MA,02030,03/19/83,F,Single,US Citizen,No,Black or African American,1/5/2009,,N/A - still employed,Active,Production       ,Janet King,2,Other,Exceeds,3.02,5,0,2/4/2019,0
"Houlihan, Debra",1009021646,1,1,0,1,6,3,0,60.00,0,11,Director of Sales,RI,02908,03/17/66,F,Married,US Citizen,No,White,5/5/2014,,N/A - still employed,Active,Sales,Janet King,2,MBTA ads,Fully Meets,1.22,4,0,1/21/2019,0
"Foss, Jason",1192991000,0,0,1,1,3,4,0,65.00,0,12,IT Director,MA,01460,07/05/80,M ,Single,US Citizen,No,Black or African American,4/15/2011,,N/A - still employed,Active,IT/IS,Jennifer Zamora,5,Professional Society,Exceeds,3.76,5,5,1/7/2019,0
"Roup,Simon",1106026933,0,0,1,1,3,3,0,62.00,0,13,IT Manager - DB,MA,02481,04/05/73,M ,Single,US Citizen,No,White,1/20/2013,,N/A - still employed,Active,IT/IS,Jennifer Zamora,5,Professional Society,Fully Meets,2.96,5,7,2/18/2019,0
"Ruiz, Ricardo",1001175250,0,2,1,5,3,3,1,21.00,1,13,IT Manager - DB,MA,01915,01/04/64,M ,Divorced,US Citizen,No,Two or more races,1/9/2012,11/04/15,hours,Voluntarily Terminated,IT/IS,Jennifer Zamora,5,Diversity Job Fair,Fully Meets,2.51,4,6,,
"Monroe, Peter",1011022863,1,1,1,1,3,2,1,63.00,0,13,IT Manager - Infra,MA,02134,10/05/86,M ,Married,Eligible NonCitizen,Yes,Hispanic,2/15/2012,,N/A - still employed,Active,IT/IS,Jennifer Zamora,5,Diversity Job Fair,Needs Improvement,2.39,3,6,2/22/2019,0
"Dougall, Eric",1101023754,0,0,1,1,3,4,0,64.00,0,13,IT Manager - Support,MA,01886,07/09/70,M ,Single,US Citizen,No,White,1/5/2014,,N/A - still employed,Active,IT/IS,Jennifer Zamora,5,Professional Society,Exceeds,1.99,5,5,1/4/2019,0
"Clayton, Rick",1301052902,0,0,1,1,3,3,0,28.99,0,14,IT Support,MA,02170,09/05/85,M ,Single,US Citizen,No,White,9/5/2012,,N/A - still employed,Active,IT/IS,Eric Dougall,6,Glassdoor,Fully Meets,2.55,3,6,2/27/2019,0
"Galia, Lisa",1501072093,0,0,0,1,3,3,0,31.40,0,14,IT Support,CT,06040,07/06/68,F,Single,US Citizen,No,White,5/1/2010,,N/A - still employed,Active,IT/IS,Eric Dougall,6,Vendor Referral,Fully Meets,1.21,4,5,2/1/2019,0
"Lindsay, Leonara ",602000312,0,0,0,1,3,4,1,26.00,0,14,IT Support,CT,06070,10/05/88,F,Single,US Citizen,Yes,Two or more races,1/21/2011,,N/A - still employed,Active,IT/IS,Eric Dougall,6,Diversity Job Fair,Exceeds,4.64,4,5,1/25/2019,0
"Soto, Julia ",1203032263,1,1,0,1,3,3,0,27.49,0,14,IT Support,MA,02360,03/12/73,F,Married,US Citizen,No,Black or African American,6/10/2011,,N/A - still employed,Active,IT/IS,Eric Dougall,6,Information Session,Fully Meets,4.30,3,5,2/8/2019,0
"Bacong, Alejandro ",1212052023,0,2,1,1,3,3,0,45.00,0,14,IT Support,MA,01886,01/07/88,M ,Divorced,US Citizen,No,White,1/5/2015,,N/A - still employed,Active,IT/IS,Peter Monroe,7,Glassdoor,Fully Meets,1.84,5,6,2/18/2019,0
"Cisco, Anthony",1102024173,1,1,1,1,3,3,0,42.00,0,14,IT Support,MA,02135,11/24/89,M ,Married,US Citizen,Yes,White,3/30/2015,,N/A - still employed,Active,IT/IS,Peter Monroe,7,Information Session,Fully Meets,2.21,5,7,1/10/2019,0
"Dolan, Linda",1101023540,1,1,0,1,3,3,0,37.00,0,14,IT Support,MA,02119,07/18/88,F,Married,US Citizen,No,White,1/5/2015,,N/A - still employed,Active,IT/IS,Peter Monroe,7,Employee Referral,Fully Meets,4.11,4,6,2/25/2019,0
"Gonzalez, Maria",1988299991,0,3,0,1,3,3,0,39.00,0,14,IT Support,MA,02472,04/16/81,F,Separated,US Citizen,Yes,White,1/5/2015,,N/A - still employed,Active,IT/IS,Peter Monroe,7,Employee Referral,Fully Meets,4.61,4,5,1/28/2019,0
"Merlos, Carlos",1012023013,0,0,1,1,3,1,0,43.00,0,15,Network Engineer,MA,02138,06/18/87,M ,Single,US Citizen,No,White,3/30/2015,,N/A - still employed,Active,IT/IS,Peter Monroe,7,Vendor Referral,PIP,1.20,3,6,2/4/2019,0
"Morway, Tanya",1001956578,1,1,0,1,3,3,0,27.00,0,15,Network Engineer,MA,02048,04/04/79,F,Married,US Citizen,No,White,2/16/2015,,N/A - still employed,Active,IT/IS,Peter Monroe,7,Monster.com,Fully Meets,3.81,3,6,2/11/2019,0
"Shepard, Anita ",906014183,1,1,0,1,3,3,0,47.00,0,15,Network Engineer,MA,01773,04/14/81,F,Married,US Citizen,No,White,9/30/2014,,N/A - still employed,Active,IT/IS,Peter Monroe,7,Vendor Referral,Fully Meets,3.31,3,6,1/7/2019,0
"Tredinnick, Neville ",1104025466,1,1,1,5,3,3,0,28.00,1,15,Network Engineer,MA,01420,05/05/88,M ,Married,US Citizen,No,White,1/5/2015,05/12/15,medical issues,Voluntarily Terminated,IT/IS,Peter Monroe,7,Monster.com,Fully Meets,5.00,3,5,,
"Turpin, Jumil",1411071506,1,1,1,1,3,3,0,49.10,0,15,Network Engineer,MA,02343,03/31/69,M ,Married,Eligible NonCitizen,No,White,3/30/2015,,N/A - still employed,Active,IT/IS,Peter Monroe,7,Employee Referral,Fully Meets,5.00,4,7,1/14/2019,0
"King, Janet",1001495124,1,1,0,1,2,3,0,80.00,0,16,President & CEO,MA,01902,09/21/54,F,Married,US Citizen,Yes,White,7/2/2012,,N/A - still employed,Active,Executive Office,Board of Directors,9,Pay Per Click - Google,Fully Meets,4.83,3,0,1/17/2019,0
"Albert, Michael  ",1501072311,0,2,1,1,5,3,0,54.50,0,17,Production Manager,MA,02169,10/10/68,M ,Divorced,US Citizen,No,White,8/1/2011,,N/A - still employed,Active,Production       ,Janet King,2,Employee Referral,Fully Meets,3.93,3,0,2/27/2019,0
"Bozzi, Charles",1303054580,0,0,1,5,5,3,0,50.50,1,18,Production Manager,MA,01901,03/10/70,M ,Single,US Citizen,No,Asian,9/30/2013,08/07/14,retiring,Voluntarily Terminated,Production       ,Janet King,2,Billboard,Fully Meets,3.39,3,0,,
"Butler, Webster  L",1110029990,0,0,1,1,5,4,0,55.00,0,18,Production Manager,MA,02169,08/09/83,M ,Single,US Citizen,No,White,1/28/2016,,N/A - still employed,Active,Production       ,Janet King,2,Pay Per Click - Google,Exceeds,5.00,3,0,2/22/2019,0
"Dunn, Amy  ",1409070147,0,0,0,1,5,3,0,51.00,0,18,Production Manager,MA,01731,11/28/73,F,Single,US Citizen,No,White,9/18/2014,,N/A - still employed,Active,Production       ,Janet King,2,Search Engine - Google Bing Yahoo,Fully Meets,4.52,4,0,1/15/2019,0
"Gray, Elijiah  ",1307060077,0,2,1,1,5,3,0,54.00,0,18,Production Manager,MA,01752,07/11/81,M ,Divorced,US Citizen,No,White,6/2/2015,,N/A - still employed,Active,Production       ,Janet King,2,Employee Referral,Fully Meets,4.63,3,0,1/4/2019,0
"Hogland, Jonathan ",1001944783,1,1,1,4,5,3,0,48.50,1,18,Production Manager,MA,01890,07/01/72,M ,Married,US Citizen,No,White,1/10/2011,12/12/15,attendance,Terminated for Cause,Production       ,Janet King,2,Employee Referral,Fully Meets,4.78,4,0,,
"Immediato, Walter",1403065874,1,1,1,5,5,2,0,42.00,1,18,Production Manager,MA,02128,11/15/76,M ,Married,US Citizen,No,Asian,2/21/2011,09/24/12,unhappy,Voluntarily Terminated,Production       ,Janet King,2,Other,Needs Improvement,2.34,2,0,,
"Liebig, Ketsia",1103024679,1,1,0,1,5,4,0,55.00,0,18,Production Manager,MA,02110,10/26/81,F,Married,US Citizen,No,White,9/30/2013,,N/A - still employed,Active,Production       ,Janet King,2,Website Banner Ads,Exceeds,3.66,3,0,1/21/2019,0
"Miller, Brannon",1107027351,0,0,1,1,5,3,0,53.00,0,18,Production Manager,MA,02045,08/10/81,M ,Single,US Citizen,yes,Hispanic,8/16/2012,,N/A - still employed,Active,Production       ,Janet King,2,Internet Search,Fully Meets,4.37,3,0,1/14/2019,0
"Peterson, Ebonee  ",1402065355,1,1,0,5,5,3,0,38.50,1,18,Production Manager,MA,02030,05/09/77,F,Married,US Citizen,No,White,10/25/2010,05/18/16,Another position,Voluntarily Terminated,Production       ,Janet King,2,Internet Search,Fully Meets,4.16,5,0,,
"Spirea, Kelley",1102024149,1,1,0,1,5,3,0,52.00,0,18,Production Manager,MA,02451,09/30/75,F,Married,US Citizen,No,White,10/2/2012,,N/A - still employed,Active,Production       ,Janet King,2,Vendor Referral,Fully Meets,4.83,5,0,2/14/2019,0
"Stanley, David ",1000974650,0,2,1,1,5,2,0,53.00,0,18,Production Manager,MA,01803,12/17/75,M ,Divorced,US Citizen,No,White,7/20/2010,,N/A - still employed,Active,Production       ,Janet King,2,Monster.com,Needs Improvement,4.13,2,0,1/14/2019,0
"Sullivan, Kissy ",1405067298,1,1,0,1,5,3,0,55.00,0,18,Production Manager,MA,01776,03/28/78,F,Married,US Citizen,No,Black or African American,1/8/2009,,N/A - still employed,Active,Production       ,Janet King,2,Billboard,Fully Meets,3.73,4,0,1/24/2019,0
"Wallace, Courtney  E",1410071026,1,1,0,5,5,3,1,33.50,1,18,Production Manager,MA,02478,11/14/55,F,Married,US Citizen,No,Black or African American,9/26/2011,01/02/12,Another position,Voluntarily Terminated,Production       ,Janet King,2,Diversity Job Fair,Fully Meets,1.18,3,0,,
"Anderson, Linda  ",1304055947,0,0,0,1,5,4,0,23.00,0,19,Production Technician I,MA,01844,05/22/77,F,Single,US Citizen,No,White,1/9/2012,,N/A - still employed,Active,Production       ,Amy Dunn,11,MBTA ads,Exceeds,5.00,5,0,1/7/2019,0
"Bernstein, Sean",1109029366,0,0,1,1,5,3,0,16.00,0,19,Production Technician I,MA,02072,12/22/70,M ,Single,US Citizen,Yes,White,4/2/2012,,N/A - still employed,Active,Production       ,Amy Dunn,11,Word of Mouth,Fully Meets,5.00,3,0,1/14/2019,0
"Chivukula, Enola",1101023394,0,0,0,5,5,3,0,21.00,1,19,Production Technician I,MA,01775,08/27/83,F,Single,US Citizen,No,White,6/27/2011,11/15/15,relocation out of area,Voluntarily Terminated,Production       ,Amy Dunn,11,Other,Fully Meets,2.00,4,0,,
"Desimone, Carl ",1501072124,1,1,1,1,5,1,0,20.00,0,19,Production Technician I,MA,02061,04/19/67,M ,Married,US Citizen,No,White,7/7/2014,,N/A - still employed,Active,Production       ,Amy Dunn,11,Professional Society,PIP,1.12,2,0,1/31/2019,0
"Fernandes, Nilson  ",1302053339,1,1,1,1,5,1,0,18.00,0,19,Production Technician I,MA,02132,10/18/89,M ,Married,US Citizen,No,White,5/11/2015,,N/A - still employed,Active,Production       ,Amy Dunn,11,Professional Society,PIP,1.56,5,0,1/3/2019,0
"Girifalco, Evelyn",1204032927,0,0,0,1,5,4,0,16.00,0,19,Production Technician I,MA,02451,05/08/80,F,Single,US Citizen,Yes,Two or more races,9/29/2014,,N/A - still employed,Active,Production       ,Amy Dunn,11,Professional Society,Exceeds,3.39,4,0,2/7/2019,0
"Harrison, Kara",1404066622,1,1,0,1,5,4,0,20.00,0,19,Production Technician I,MA,01886,05/02/74,F,Married,US Citizen,No,White,5/12/2014,,N/A - still employed,Active,Production       ,Amy Dunn,11,Monster.com,Exceeds,4.76,4,0,2/15/2019,0
"Kirill, Alexandra  ",903013071,1,1,0,5,5,3,0,24.00,1,19,Production Technician I,MA,02127,10/08/70,F,Married,US Citizen,No,White,9/26/2011,01/09/12,more money,Voluntarily Terminated,Production       ,Amy Dunn,11,Search Engine - Google Bing Yahoo,Fully Meets,3.49,4,0,,
"MacLennan, Samuel",1201031032,0,4,1,5,5,3,0,15.00,1,19,Production Technician I,MA,01938,11/09/72,M ,Widowed,US Citizen,No,White,9/24/2012,09/26/12,hours,Voluntarily Terminated,Production       ,Amy Dunn,11,Pay Per Click,Fully Meets,3.08,4,0,,
"Ndzi, Horia",1204033044,1,1,1,5,5,3,0,22.00,1,19,Production Technician I,MA,02421,03/28/83,M ,Married,US Citizen,No,White,4/1/2013,05/25/16,more money,Voluntarily Terminated,Production       ,Amy Dunn,11,Employee Referral,Fully Meets,3.18,3,0,,
"Perry, Shakira",1109029186,0,0,0,5,5,3,0,22.00,1,19,Production Technician I,MA,02176,07/20/86,F,Single,US Citizen,No,White,5/16/2011,10/25/15,medical issues,Voluntarily Terminated,Production       ,Amy Dunn,11,MBTA ads,Fully Meets,3.45,4,0,,
"Robinson, Alain  ",1206038000,1,1,1,5,5,3,0,24.00,1,19,Production Technician I,MA,01420,01/07/74,M ,Married,US Citizen,No,Black or African American,1/10/2011,01/26/16,attendance,Voluntarily Terminated,Production       ,Amy Dunn,11,Glassdoor,Fully Meets,5.00,3,0,,
"Shields, Seffi",1205033102,1,1,0,1,5,3,0,15.00,0,19,Production Technician I,MA,02149,08/24/85,F,Married,US Citizen,No,White,8/19/2013,,N/A - still employed,Active,Production       ,Amy Dunn,11,Newspager/Magazine,Fully Meets,4.81,4,0,2/15/2019,0
"Theamstern, Sophia",1404066739,0,0,0,5,5,3,0,20.00,1,19,Production Technician I,MA,02066,05/09/65,F,Single,US Citizen,No,White,7/5/2011,09/05/11,return to school,Voluntarily Terminated,Production       ,Amy Dunn,11,Billboard,Fully Meets,3.98,4,0,,
"Wilber, Barry",1101023839,1,1,1,5,5,3,0,21.00,1,19,Production Technician I,MA,02324,09/09/65,M ,Married,Eligible NonCitizen,No,White,5/16/2011,09/07/15,unhappy,Voluntarily Terminated,Production       ,Amy Dunn,11,Website Banner Ads,Fully Meets,5.00,3,0,,
"Bachiochi, Linda",1212051409,0,0,0,3,5,3,1,22.00,0,19,Production Technician I,MA,01902,02/11/70,F,Single,US Citizen,No,Two or more races,7/6/2009,,N/A - still employed,Leave of Absence,Production       ,Brannon Miller,12,Diversity Job Fair,Fully Meets,4.46,3,0,1/25/2019,0
"Billis, Helen",1308060366,1,1,0,1,5,4,0,16.00,0,19,Production Technician I,MA,02031,09/01/89,F,Married,US Citizen,No,White,7/7/2014,,N/A - still employed,Active,Production       ,Brannon Miller,12,Professional Society,Exceeds,5.00,3,0,2/27/2019,0
"Clukey, Elijian",1407069280,1,1,1,2,5,4,0,24.75,0,19,Production Technician I,MA,02134,08/26/80,M ,Married,US Citizen,No,White,7/6/2016,,N/A - Has not started yet,Future Start,Production       ,Brannon Miller,12,Employee Referral,Exceeds,1.97,4,0,2/28/2019,0
"DiNocco, Lily ",1209048696,1,1,0,1,5,2,0,22.00,0,19,Production Technician I,MA,02351,12/02/78,F,Married,US Citizen,No,Black or African American,1/7/2013,,N/A - still employed,Active,Production       ,Brannon Miller,12,Pay Per Click - Google,Needs Improvement,3.88,4,0,1/18/2019,0
"Fidelia,  Libby",1006020020,1,1,0,1,5,3,0,24.00,0,19,Production Technician I,MA,02155,03/16/81,F,Married,US Citizen,No,White,1/9/2012,,N/A - still employed,Active,Production       ,Brannon Miller,12,Social Networks - Facebook Twitter etc,Fully Meets,5.00,5,0,1/29/2019,0
"Gonzalez, Cayo",1411071212,0,2,1,1,5,4,1,16.00,0,19,Production Technician I,MA,02108,09/29/69,M ,Divorced,US Citizen,No,American Indian or Alaska Native,7/11/2011,,N/A - still employed,Active,Production       ,Brannon Miller,12,Diversity Job Fair,Exceeds,1.83,4,0,2/18/2019,0
"Ivey, Rose ",1408069882,0,0,0,1,5,3,0,16.00,0,19,Production Technician I,MA,01775,01/28/91,F,Single,US Citizen,No,White,8/19/2013,,N/A - still employed,Active,Production       ,Brannon Miller,12,Professional Society,Fully Meets,3.99,3,0,1/14/2019,0
"Kretschmer, John",1311062610,1,1,1,1,5,3,0,21.00,0,19,Production Technician I,MA,01801,02/02/80,M ,Married,US Citizen,No,Asian,1/10/2011,,N/A - still employed,Active,Production       ,Brannon Miller,12,Pay Per Click - Google,Fully Meets,3.38,3,0,1/21/2019,0
"Mangal, Debbie",1308060754,1,1,0,1,5,3,0,23.00,0,19,Production Technician I,MA,02451,11/07/74,F,Married,US Citizen,No,White,11/11/2013,,N/A - still employed,Active,Production       ,Brannon Miller,12,On-campus Recruiting,Fully Meets,1.04,3,0,1/22/2019,0
"Ngodup, Shari ",1403066020,0,3,0,1,5,4,1,15.00,0,19,Production Technician I,MA,01810,06/03/67,F,Separated,US Citizen,No,Asian,4/1/2013,,N/A - still employed,Active,Production       ,Brannon Miller,12,Diversity Job Fair,Exceeds,1.12,3,0,2/13/2019,0
"Pham, Hong",1305057440,1,1,1,5,5,3,0,18.00,1,19,Production Technician I,MA,02451,03/06/88,M ,Married,US Citizen,No,White,7/5/2011,11/30/12,more money,Voluntarily Terminated,Production       ,Brannon Miller,12,Search Engine - Google Bing Yahoo,Fully Meets,5.00,3,0,,
"Robinson, Elias",1011022887,0,4,1,1,5,4,0,17.00,0,19,Production Technician I,MA,01730,01/28/85,M ,Widowed,US Citizen,No,White,7/8/2013,,N/A - still employed,Active,Production       ,Brannon Miller,12,Employee Referral,Exceeds,3.02,5,0,2/11/2019,0
"Sparks, Taylor  ",1410071137,1,1,0,1,5,1,0,16.00,0,19,Production Technician I,MA,02093,07/20/68,F,Married,US Citizen,No,White,2/20/2012,,N/A - still employed,Active,Production       ,Brannon Miller,12,Billboard,PIP,4.11,2,0,2/25/2019,0
"Tippett, Jeanette",1409070255,0,2,0,1,5,3,0,24.00,0,19,Production Technician I,MA,02093,06/05/67,F,Divorced,US Citizen,No,Black or African American,2/18/2013,,N/A - still employed,Active,Production       ,Brannon Miller,12,Billboard,Fully Meets,4.21,5,0,1/14/2019,0
"Ybarra, Catherine ",1001268402,0,0,0,5,5,1,0,22.00,1,19,Production Technician I,MA,02458,05/04/82,F,Single,US Citizen,No,Asian,9/2/2008,09/29/15,Another position,Voluntarily Terminated,Production       ,Brannon Miller,12,Search Engine - Google Bing Yahoo,PIP,4.29,2,0,,
"Baczenski, Rachael  ",1307060083,1,1,0,5,5,3,1,17.00,1,19,Production Technician I,MA,01902,01/12/74,F,Married,US Citizen,Yes,Hispanic,1/10/2011,01/12/11,Another position,Voluntarily Terminated,Production       ,David Stanley,14,Diversity Job Fair,Fully Meets,1.79,4,0,,
"Brill, Donna",1406068293,1,1,0,5,5,3,0,20.00,1,19,Production Technician I,MA,01701,08/24/90,F,Married,US Citizen,No,White,4/2/2012,06/15/13,Another position,Voluntarily Terminated,Production       ,David Stanley,14,Search Engine - Google Bing Yahoo,Fully Meets,3.35,4,0,,
"Cockel, James",1599991009,0,0,1,1,5,3,0,15.00,0,19,Production Technician I,MA,02452,09/08/77,M ,Single,US Citizen,No,White,7/8/2013,,N/A - still employed,Active,Production       ,David Stanley,14,Employee Referral,Fully Meets,1.51,5,0,1/14/2019,0
"Dobrin, Denisa  S",1202031618,0,0,0,1,5,3,0,16.75,0,19,Production Technician I,MA,02125,10/07/86,F,Single,US Citizen,Yes,White,4/2/2012,,N/A - still employed,Active,Production       ,David Stanley,14,Monster.com,Fully Meets,2.79,5,0,2/19/2019,0
"Garcia, Raul",1309061015,0,0,1,1,5,3,0,19.00,0,19,Production Technician I,MA,01905,09/15/85,M ,Single,US Citizen,Yes,White,3/30/2015,,N/A - still employed,Active,Production       ,David Stanley,14,Employee Referral,Fully Meets,4.50,3,0,2/18/2019,0
"Gordon, David",1106026579,1,1,1,1,5,3,0,15.00,0,19,Production Technician I,MA,02169,05/21/79,M ,Married,US Citizen,No,White,7/2/2012,,N/A - still employed,Active,Production       ,David Stanley,14,MBTA ads,Fully Meets,5.00,3,0,1/14/2019,0
"Jackson, Maryellen",1201031438,0,0,0,1,5,3,0,20.00,0,19,Production Technician I,MA,02081,09/11/72,F,Single,US Citizen,No,White,11/5/2012,,N/A - still employed,Active,Production       ,David Stanley,14,Newspager/Magazine,Fully Meets,2.32,3,0,1/17/2019,0
"Langton, Enrico",1304055987,1,1,1,1,5,3,0,17.00,0,19,Production Technician I,MA,02048,12/09/86,M ,Married,US Citizen,No,White,7/9/2012,,N/A - still employed,Active,Production       ,David Stanley,14,Newspager/Magazine,Fully Meets,5.00,5,0,2/4/2019,0
"Maurice, Shana",1401064327,1,1,0,1,5,3,0,20.00,0,19,Production Technician I,MA,02330,11/22/77,F,Married,US Citizen,No,White,5/31/2011,,N/A - still employed,Active,Production       ,David Stanley,14,Other,Fully Meets,5.00,4,0,1/10/2019,0
"Nguyen, Lei-Ming",1203032357,0,0,0,1,5,3,0,19.00,0,19,Production Technician I,MA,02132,07/07/84,F,Single,US Citizen,No,White,7/8/2013,,N/A - still employed,Active,Production       ,David Stanley,14,Vendor Referral,Fully Meets,2.79,5,0,1/2/2019,0
"Pitt, Brad ",1001735072,0,0,1,1,5,3,0,17.00,0,19,Production Technician I,MA,02451,11/23/81,M ,Single,US Citizen,No,Black or African American,11/5/2007,,N/A - still employed,Active,Production       ,David Stanley,14,Search Engine - Google Bing Yahoo,Fully Meets,3.66,3,0,2/25/2019,0
"Rose, Ashley  ",710007555,0,3,0,1,5,3,0,17.00,0,19,Production Technician I,MA,01886,12/05/74,F,Separated,US Citizen,No,White,1/6/2014,,N/A - still employed,Active,Production       ,David Stanley,14,Website Banner Ads,Fully Meets,5.00,4,0,1/31/2019,0
"Squatrito, Kristen",1405067138,0,2,0,5,5,4,0,21.00,1,19,Production Technician I,MA,02359,03/26/73,F,Divorced,US Citizen,No,White,5/13/2013,06/29/15,unhappy,Voluntarily Terminated,Production       ,David Stanley,14,MBTA ads,Exceeds,1.97,4,0,,
"Trang, Mei",1012023152,0,0,0,1,5,2,0,22.00,0,19,Production Technician I,MA,02021,05/16/83,F,Single,US Citizen,No,White,2/17/2014,,N/A - still employed,Active,Production       ,David Stanley,14,Professional Society,Needs Improvement,2.44,5,0,2/11/2019,0
"Zima, Colleen",1211051232,0,4,0,1,5,3,0,15.00,0,19,Production Technician I,MA,01730,08/17/78,F,Widowed,US Citizen,No,Asian,9/29/2014,,N/A - still employed,Active,Production       ,David Stanley,14,On-campus Recruiting,Fully Meets,1.24,5,0,1/30/2019,0
"Alagbe,Trina",1011022883,1,1,0,1,5,3,0,21.00,0,19,Production Technician I,MA,01886,09/27/88,F,Married,US Citizen,No,White,1/7/2008,,N/A - still employed,Active,Production       ,Elijiah Gray,16,Billboard,Fully Meets,4.84,5,0,1/3/2019,0
"Beatrice, Courtney ",1403066194,0,0,0,1,5,3,0,22.00,0,19,Production Technician I,MA,01915,10/27/70,F,Single,Eligible NonCitizen,No,White,4/4/2011,,N/A - still employed,Active,Production       ,Elijiah Gray,16,Search Engine - Google Bing Yahoo,Fully Meets,5.00,5,0,1/14/2019,0
"Chan, Lin",1305057282,0,0,0,1,5,3,0,19.50,0,19,Production Technician I,MA,02170,02/12/79,F,Single,US Citizen,No,White,5/12/2014,,N/A - still employed,Active,Production       ,Elijiah Gray,16,Internet Search,Fully Meets,2.73,4,0,2/19/2019,0
"Darson, Jene'ya ",1001109612,1,1,0,1,5,3,0,15.00,0,19,Production Technician I,MA,02110,11/05/78,F,Married,US Citizen,No,White,7/2/2012,,N/A - still employed,Active,Production       ,Elijiah Gray,16,Billboard,Fully Meets,5.00,3,0,2/25/2019,0
"Evensen, April",1107027392,0,0,0,4,5,2,0,18.00,1,19,Production Technician I,MA,02458,05/06/89,F,Single,US Citizen,No,White,2/17/2014,02/25/14,"no-call, no-show",Terminated for Cause,Production       ,Elijiah Gray,16,Word of Mouth,Needs Improvement,1.04,3,0,,
"Gerke, Melisa",1308060622,0,2,0,5,5,3,1,22.00,1,19,Production Technician I,MA,02330,05/15/70,F,Divorced,US Citizen,No,White,11/7/2011,11/15/11,hours,Voluntarily Terminated,Production       ,Elijiah Gray,16,Diversity Job Fair,Fully Meets,4.24,4,0,,
"Harrell, Ludwick",1406068241,1,1,1,1,5,3,0,21.00,0,19,Production Technician I,MA,01776,09/02/82,M ,Married,US Citizen,No,Asian,5/14/2012,,N/A - still employed,Active,Production       ,Elijiah Gray,16,Search Engine - Google Bing Yahoo,Fully Meets,1.83,3,0,2/22/2019,0
"Jung, Judy  ",1107027450,1,1,0,5,5,3,0,21.00,1,19,Production Technician I,MA,02446,04/17/86,F,Married,US Citizen,No,White,1/10/2011,04/01/16,unhappy,Voluntarily Terminated,Production       ,Elijiah Gray,16,Monster.com,Fully Meets,4.00,4,0,,
"Lydon, Allison",1101023353,1,1,0,3,5,3,0,20.00,0,19,Production Technician I,MA,02122,10/22/75,F,Married,US Citizen,No,Black or African American,2/16/2015,,N/A - still employed,Leave of Absence,Production       ,Elijiah Gray,16,Website Banner Ads,Fully Meets,5.00,3,0,1/23/2019,0
"Motlagh,  Dawn",1102024121,0,2,0,1,5,3,0,15.00,0,19,Production Technician I,MA,02453,07/07/84,F,Divorced,US Citizen,No,White,4/1/2013,,N/A - still employed,Active,Production       ,Elijiah Gray,16,MBTA ads,Fully Meets,1.76,4,0,1/17/2019,0
"Panjwani, Nina",1109029531,1,1,0,5,5,3,0,18.00,1,19,Production Technician I,MA,02351,05/01/79,F,Married,US Citizen,No,White,2/7/2011,01/12/14,Another position,Voluntarily Terminated,Production       ,Elijiah Gray,16,Social Networks - Facebook Twitter etc,Fully Meets,3.89,4,0,,
"Rhoads, Thomas",1211050793,0,2,1,5,5,3,0,20.00,1,19,Production Technician I,MA,02176,07/22/82,M ,Divorced,US Citizen,Yes,White,5/16/2011,01/15/16,retiring,Voluntarily Terminated,Production       ,Elijiah Gray,16,Professional Society,Fully Meets,5.00,4,0,,
"Sander, Kamrin",1302053362,1,1,0,1,5,3,0,21.00,0,19,Production Technician I,MA,02154,07/10/88,F,Married,US Citizen,No,Black or African American,9/29/2014,,N/A - still employed,Active,Production       ,Elijiah Gray,16,On-campus Recruiting,Fully Meets,3.51,3,0,2/18/2019,0
"Sutwell, Barbara",1407069061,0,0,0,1,5,3,0,14.00,0,19,Production Technician I,MA,02718,08/15/68,F,Single,Eligible NonCitizen,No,Asian,5/14/2012,,N/A - still employed,Active,Production       ,Elijiah Gray,16,Glassdoor,Fully Meets,2.77,5,0,1/31/2019,0
"Wallace, Theresa",1101023619,0,0,0,5,5,2,0,15.00,1,19,Production Technician I,MA,01887,08/02/80,F,Single,US Citizen,No,White,8/13/2012,09/01/15,career change,Voluntarily Terminated,Production       ,Elijiah Gray,16,Monster.com,Needs Improvement,1.27,3,0,,
"Barone, Francesco  A",1101023679,0,0,1,1,5,3,0,16.76,0,19,Production Technician I,MA,01810,07/20/83,M ,Single,US Citizen,No,Two or more races,2/20/2012,,N/A - still employed,Active,Production       ,Kelley Spirea,18,Social Networks - Facebook Twitter etc,Fully Meets,1.41,4,0,2/14/2019,0
"Carey, Michael  ",1311063114,0,0,1,1,5,3,0,20.00,0,19,Production Technician I,MA,01701,02/02/83,M ,Single,US Citizen,No,Black or African American,3/31/2014,,N/A - still employed,Active,Production       ,Kelley Spirea,18,MBTA ads,Fully Meets,4.43,3,0,2/1/2019,0
"Cornett, Lisa ",1403066069,1,1,0,1,5,3,0,15.75,0,19,Production Technician I,MA,02189,03/31/77,F,Married,US Citizen,Yes,White,1/5/2015,,N/A - still employed,Active,Production       ,Kelley Spirea,18,Billboard,Fully Meets,4.73,5,0,2/14/2019,0
"Engdahl, Jean",1007020403,0,0,1,1,5,3,0,21.25,0,19,Production Technician I,MA,02026,05/31/74,M ,Single,US Citizen,No,White,11/10/2014,,N/A - still employed,Active,Production       ,Kelley Spirea,18,MBTA ads,Fully Meets,1.86,5,0,2/13/2019,0
"England, Rex",1101023612,1,1,1,1,5,3,0,21.00,0,19,Production Technician I,MA,02045,08/25/78,M ,Married,US Citizen,No,White,3/31/2014,,N/A - still employed,Active,Production       ,Kelley Spirea,18,Employee Referral,Fully Meets,2.05,3,0,1/11/2019,0
"Gaul, Barbara",1105026041,0,0,0,1,5,3,0,24.00,0,19,Production Technician I,MA,02121,12/02/83,F,Single,US Citizen,Yes,Black or African American,5/16/2011,,N/A - still employed,Active,Production       ,Kelley Spirea,18,MBTA ads,Fully Meets,1.66,4,0,2/26/2019,0
"Gross, Paula",1103024859,0,2,0,5,5,3,0,14.00,1,19,Production Technician I,MA,02176,05/21/83,F,Divorced,US Citizen,No,White,2/21/2011,01/11/14,more money,Voluntarily Terminated,Production       ,Kelley Spirea,18,Monster.com,Fully Meets,5.00,5,0,,
"Jhaveri, Sneha  ",1412071713,0,3,0,1,5,3,0,19.00,0,19,Production Technician I,MA,02109,04/13/64,F,Separated,US Citizen,No,White,1/6/2014,,N/A - still employed,Active,Production       ,Kelley Spirea,18,On-campus Recruiting,Fully Meets,5.00,5,0,1/21/2019,0
"LeBel, Jonathan  R",1107027575,0,0,1,4,5,3,0,15.00,1,19,Production Technician I,MA,02050,10/18/81,M ,Single,US Citizen,No,White,2/21/2011,08/04/11,attendance,Terminated for Cause,Production       ,Kelley Spirea,18,Social Networks - Facebook Twitter etc,Fully Meets,5.00,4,0,,
"Meads, Elizabeth",1409070245,0,0,0,5,5,3,1,14.00,1,19,Production Technician I,MA,01760,05/30/68,F,Single,US Citizen,No,Black or African American,4/2/2012,11/11/15,Another position,Voluntarily Terminated,Production       ,Kelley Spirea,18,Diversity Job Fair,Fully Meets,4.18,4,0,,
"Osturnka, Adeel",1404066949,1,1,1,1,5,4,0,16.00,0,19,Production Technician I,MA,02478,12/11/76,M ,Married,US Citizen,No,White,9/30/2013,,N/A - still employed,Active,Production       ,Kelley Spirea,18,On-campus Recruiting,Exceeds,2.86,3,0,2/7/2019,0
"Punjabhi, Louis  ",1401064562,0,0,1,1,5,3,0,16.00,0,19,Production Technician I,MA,02109,06/19/61,M ,Single,US Citizen,No,White,1/6/2014,,N/A - still employed,Active,Production       ,Kelley Spirea,18,Employee Referral,Fully Meets,2.45,3,0,1/7/2019,0
"Saar-Beckles, Melinda",1410070998,0,0,0,2,5,2,1,20.00,0,19,Production Technician I,MA,01801,06/06/68,F,Single,US Citizen,No,Black or African American,7/4/2016,,N/A - Has not started yet,Future Start,Production       ,Kelley Spirea,18,Diversity Job Fair,Needs Improvement,1.12,4,0,2/18/2019,0
"Stoica, Rick",1106026896,1,1,1,1,5,3,0,22.00,0,19,Production Technician I,MA,02301,03/14/85,M ,Married,US Citizen,No,Asian,2/17/2014,,N/A - still employed,Active,Production       ,Kelley Spirea,18,On-campus Recruiting,Fully Meets,1.39,3,0,1/11/2019,0
"Volk, Colleen",1011022814,1,1,0,4,5,4,0,21.00,1,19,Production Technician I,MA,02747,06/03/86,F,Married,US Citizen,No,White,9/26/2011,02/08/16,gross misconduct,Terminated for Cause,Production       ,Kelley Spirea,18,Social Networks - Facebook Twitter etc,Exceeds,2.79,5,0,,
"Athwal, Sam",1301052124,0,4,1,1,5,3,0,22.00,0,19,Production Technician I,MA,02199,02/18/83,M ,Widowed,US Citizen,No,White,9/30/2013,,N/A - still employed,Active,Production       ,Ketsia Liebig,19,Employee Referral,Fully Meets,5.00,4,0,2/25/2019,0
"Biden, Lowan  M",1412071844,0,2,0,1,5,3,0,22.00,0,19,Production Technician I,MA,02027,12/27/58,F,Divorced,US Citizen,No,Asian,8/19/2013,,N/A - still employed,Active,Production       ,Ketsia Liebig,19,Billboard,Fully Meets,2.39,3,0,1/10/2019,0
"Cierpiszewski, Caroline  ",1012023295,0,0,0,1,5,3,0,22.00,0,19,Production Technician I,MA,02044,05/31/88,F,Single,Non-Citizen,No,Black or African American,10/3/2011,,N/A - still employed,Active,Production       ,Ketsia Liebig,19,Pay Per Click - Google,Fully Meets,3.58,5,0,1/30/2019,0
"Dickinson, Geoff ",706006285,0,0,1,1,5,3,0,21.00,0,19,Production Technician I,MA,02180,11/15/82,M ,Single,US Citizen,No,White,5/12/2014,,N/A - still employed,Active,Production       ,Ketsia Liebig,19,Pay Per Click - Google,Fully Meets,1.13,4,0,2/19/2019,0
"Ferreira, Violeta",803009012,0,0,0,1,5,3,0,23.00,0,19,Production Technician I,MA,02176,06/10/86,F,Single,US Citizen,No,White,2/20/2012,,N/A - still employed,Active,Production       ,Ketsia Liebig,19,Newspager/Magazine,Fully Meets,1.85,4,0,1/7/2019,0
"Gold, Shenice  ",1408069539,0,0,0,1,5,3,0,17.00,0,19,Production Technician I,MA,02451,06/18/92,F,Single,US Citizen,Yes,White,11/11/2013,,N/A - still employed,Active,Production       ,Ketsia Liebig,19,Glassdoor,Fully Meets,1.94,5,0,2/18/2019,0
"Heitzman, Anthony",1002017900,0,0,1,1,5,3,0,19.00,0,19,Production Technician I,MA,02149,01/04/84,M ,Single,US Citizen,No,White,8/13/2012,,N/A - still employed,Active,Production       ,Ketsia Liebig,19,Social Networks - Facebook Twitter etc,Fully Meets,4.17,4,0,2/11/2019,0
"Knapp, Bradley  J",1304055683,0,0,1,1,5,3,0,14.00,0,19,Production Technician I,MA,01721,11/10/77,M ,Single,US Citizen,No,Black or African American,2/17/2014,,N/A - still employed,Active,Production       ,Ketsia Liebig,19,On-campus Recruiting,Fully Meets,2.79,3,0,2/6/2019,0
"Mahoney, Lauren  ",1209049259,0,0,0,1,5,3,0,17.00,0,19,Production Technician I,MA,02189,07/07/86,F,Single,US Citizen,No,White,1/6/2014,,N/A - still employed,Active,Production       ,Ketsia Liebig,19,Newspager/Magazine,Fully Meets,2.55,4,0,2/26/2019,0
"Newman, Richard ",1302053044,1,1,1,3,5,3,0,21.00,0,19,Production Technician I,MA,02136,04/08/77,M ,Married,US Citizen,No,White,5/12/2014,,N/A - still employed,Leave of Absence,Production       ,Ketsia Liebig,19,On-campus Recruiting,Fully Meets,5.00,5,0,2/18/2019,0
"Peterson, Kayla ",1307059944,1,1,0,1,5,3,0,17.00,0,19,Production Technician I,MA,01749,09/23/73,F,Married,US Citizen,No,White,4/26/2010,,N/A - still employed,Active,Production       ,Ketsia Liebig,19,Search Engine - Google Bing Yahoo,Fully Meets,2.72,3,0,1/21/2019,0
"Robinson, Cherly",1403065625,1,1,0,4,5,2,0,16.00,1,19,Production Technician I,MA,01460,01/07/85,F,Married,US Citizen,No,White,1/10/2011,05/17/16,attendance,Terminated for Cause,Production       ,Ketsia Liebig,19,Glassdoor,Needs Improvement,3.60,3,0,,
"Smith, Sade",1501071909,0,0,0,1,5,3,0,24.50,0,19,Production Technician I,MA,02130,02/02/65,F,Single,US Citizen,No,White,11/11/2013,,N/A - still employed,Active,Production       ,Ketsia Liebig,19,Employee Referral,Fully Meets,3.73,3,0,1/24/2019,0
"Tinto, Theresa  ",1103024504,0,2,0,5,5,3,0,20.00,1,19,Production Technician I,MA,01876,07/30/83,F,Divorced,US Citizen,No,White,1/10/2011,05/14/11,Another position,Voluntarily Terminated,Production       ,Ketsia Liebig,19,Social Networks - Facebook Twitter etc,Fully Meets,2.81,5,0,,
"Williams, Jacquelyn  ",1308060671,0,0,0,5,5,3,1,16.00,1,19,Production Technician I,MA,02109,10/02/69,F,Single,US Citizen,Yes,Two or more races,1/9/2012,06/27/15,relocation out of area,Voluntarily Terminated,Production       ,Ketsia Liebig,19,Diversity Job Fair,Fully Meets,1.44,4,0,,
"Barbara, Thomas",1312063507,1,1,1,5,5,3,1,22.00,1,19,Production Technician I,MA,02062,02/21/74,M ,Married,US Citizen,Yes,Asian,4/2/2012,09/19/12,unhappy,Voluntarily Terminated,Production       ,Kissy Sullivan,20,Diversity Job Fair,Fully Meets,1.98,3,0,,
"Bugali, Josephine ",1408069635,0,3,0,3,5,3,1,20.00,0,19,Production Technician I,MA,02043,10/30/69,F,Separated,US Citizen,No,Black or African American,11/11/2013,,N/A - still employed,Leave of Absence,Production       ,Kissy Sullivan,20,Diversity Job Fair,Fully Meets,2.83,5,0,1/21/2019,0
"Cole, Spencer",1001450968,0,0,1,4,5,2,0,15.00,1,19,Production Technician I,MA,01880,08/12/79,M ,Single,US Citizen,No,Black or African American,7/11/2011,09/23/12,performance,Terminated for Cause,Production       ,Kissy Sullivan,20,MBTA ads,Needs Improvement,1.42,3,0,,
"Eaton, Marianne",1406067865,1,1,0,5,5,3,0,17.00,1,19,Production Technician I,MA,02343,09/05/91,F,Married,US Citizen,No,White,4/4/2011,06/06/13,military,Voluntarily Terminated,Production       ,Kissy Sullivan,20,Search Engine - Google Bing Yahoo,Fully Meets,5.00,3,0,,
"Garneau, Hamish",1104025414,0,0,1,1,5,3,0,18.00,0,19,Production Technician I,MA,01550,04/18/80,M ,Single,US Citizen,No,Asian,7/8/2013,,N/A - still employed,Active,Production       ,Kissy Sullivan,20,Professional Society,Fully Meets,2.61,4,0,1/22/2019,0
"Goyal, Roxana",1312063675,1,1,0,3,5,3,0,24.00,0,19,Production Technician I,MA,01864,10/09/74,F,Married,US Citizen,No,Asian,8/19/2013,,N/A - still employed,Leave of Absence,Production       ,Kissy Sullivan,20,On-campus Recruiting,Fully Meets,1.71,5,0,2/15/2019,0
"Jacobi, Hannah  ",1503072857,0,2,0,1,5,3,0,21.00,0,19,Production Technician I,MA,01778,03/22/66,F,Divorced,US Citizen,No,White,9/30/2013,,N/A - still employed,Active,Production       ,Kissy Sullivan,20,Employee Referral,Fully Meets,2.05,5,0,2/22/2019,0
"Leach, Dallas",1408069409,0,0,0,5,5,3,0,19.00,1,19,Production Technician I,MA,01810,01/17/79,F,Single,US Citizen,No,Asian,9/26/2011,08/19/13,return to school,Voluntarily Terminated,Production       ,Kissy Sullivan,20,Monster.com,Fully Meets,4.88,3,0,,
"Mckenna, Sandy",909015167,1,1,0,1,5,3,0,24.00,0,19,Production Technician I,MA,02184,01/07/87,F,Married,US Citizen,No,Black or African American,1/7/2013,,N/A - still employed,Active,Production       ,Kissy Sullivan,20,Monster.com,Fully Meets,3.93,3,0,1/30/2019,0
"O'hare, Lynn",1206044851,0,0,0,4,5,1,0,18.50,1,19,Production Technician I,MA,02152,09/30/80,F,Single,US Citizen,No,Two or more races,3/31/2014,05/01/16,performance,Terminated for Cause,Production       ,Kissy Sullivan,20,Professional Society,PIP,3.09,2,0,,
"Power, Morissa",1102024274,0,2,0,5,5,3,0,19.00,1,19,Production Technician I,MA,01742,10/15/84,F,Divorced,Eligible NonCitizen,No,Asian,5/16/2011,06/04/11,Another position,Voluntarily Terminated,Production       ,Kissy Sullivan,20,Social Networks - Facebook Twitter etc,Fully Meets,3.17,4,0,,
"Purinton, Janine",1011022926,0,2,0,5,5,3,0,16.00,1,19,Production Technician I,MA,02474,09/22/70,F,Divorced,US Citizen,No,White,9/24/2012,06/18/13,unhappy,Voluntarily Terminated,Production       ,Kissy Sullivan,20,Billboard,Fully Meets,1.50,5,0,,
"Rossetti, Bruno",1405067492,0,0,1,5,5,3,0,18.00,1,19,Production Technician I,MA,02155,03/18/87,M ,Single,US Citizen,No,White,4/4/2011,08/13/12,Another position,Voluntarily Terminated,Production       ,Kissy Sullivan,20,Search Engine - Google Bing Yahoo,Fully Meets,5.00,5,0,,
"Stanford,Barbara  M",1111030244,0,2,0,1,5,3,0,14.00,0,19,Production Technician I,MA,02050,08/25/82,F,Divorced,US Citizen,No,Two or more races,1/10/2011,,N/A - still employed,Active,Production       ,Kissy Sullivan,20,Word of Mouth,Fully Meets,1.05,4,0,2/7/2019,0
"Veera, Abdellah ",1203032235,0,2,1,5,5,4,0,19.00,1,19,Production Technician I,MA,02171,01/31/87,M ,Divorced,US Citizen,No,White,8/13/2012,02/05/16,maternity leave - did not return,Voluntarily Terminated,Production       ,Kissy Sullivan,20,Information Session,Exceeds,3.84,5,0,,
"Adinolfi, Wilson  K",1409070522,0,0,1,1,5,4,0,20.00,0,19,Production Technician I,MA,01960,07/10/83,M ,Single,US Citizen,No,White,7/5/2011,,N/A - still employed,Active,Production       ,Michael Albert,22,MBTA ads,Exceeds,2.51,5,0,1/17/2019,0
"Barton, Nader",1212051962,0,2,1,5,5,3,0,18.00,1,19,Production Technician I,MA,02747,07/15/77,M ,Divorced,US Citizen,No,White,9/24/2012,04/06/13,Another position,Voluntarily Terminated,Production       ,Michael Albert,22,On-line Web application,Fully Meets,5.00,5,0,,
"Chace, Beatrice ",1208048062,0,0,0,1,5,3,0,16.00,0,19,Production Technician I,MA,02763,01/02/51,F,Single,US Citizen,No,White,9/29/2014,,N/A - still employed,Active,Production       ,Michael Albert,22,Search Engine - Google Bing Yahoo,Fully Meets,5.00,4,0,2/12/2019,0
"Crimmings,   Jean",1311063172,0,0,0,2,5,3,0,19.75,0,19,Production Technician I,MA,01821,04/10/87,F,Single,US Citizen,No,White,7/6/2016,,N/A - Has not started yet,Future Start,Production       ,Michael Albert,22,Newspager/Magazine,Fully Meets,4.12,5,0,1/28/2019,0
"Estremera, Miguel",1104025243,0,0,1,4,5,2,0,17.00,1,19,Production Technician I,MA,02129,09/02/83,M ,Single,US Citizen,No,White,4/2/2012,09/27/14,attendance,Terminated for Cause,Production       ,Michael Albert,22,Word of Mouth,Needs Improvement,5.00,4,0,,
"Gentry, Mildred",1501072192,1,1,0,1,5,3,0,19.00,0,19,Production Technician I,MA,02145,10/01/90,F,Married,US Citizen,No,Black or African American,3/30/2015,,N/A - still employed,Active,Production       ,Michael Albert,22,Professional Society,Fully Meets,3.73,3,0,1/16/2019,0
"Handschiegl, Joanne",1405067064,1,1,0,1,5,3,0,24.00,0,19,Production Technician I,MA,02127,03/23/77,F,Married,US Citizen,No,White,11/28/2011,,N/A - still employed,Active,Production       ,Michael Albert,22,Word of Mouth,Fully Meets,4.20,4,0,2/22/2019,0
"Johnson, George",1105025721,1,1,1,5,5,4,0,17.00,1,19,Production Technician I,MA,02445,08/19/59,M ,Married,US Citizen,No,White,11/7/2011,04/29/16,more money,Voluntarily Terminated,Production       ,Michael Albert,22,Monster.com,Exceeds,1.65,4,0,,
"Keatts, Kramer ",1301052462,0,0,1,1,5,3,0,19.00,0,19,Production Technician I,MA,01887,01/19/76,M ,Single,US Citizen,No,White,9/30/2013,,N/A - still employed,Active,Production       ,Michael Albert,22,Billboard,Fully Meets,3.07,4,0,1/23/2019,0
"Linares, Marilyn ",1206042315,1,1,0,5,5,3,0,15.25,1,19,Production Technician I,MA,01886,03/26/81,F,Married,US Citizen,No,White,7/5/2011,09/26/11,unhappy,Voluntarily Terminated,Production       ,Michael Albert,22,Internet Search,Fully Meets,3.18,4,0,,
"Medeiros, Jennifer",1109029256,0,0,0,1,5,3,0,20.00,0,19,Production Technician I,MA,02346,09/22/76,F,Single,US Citizen,No,White,3/30/2015,,N/A - still employed,Active,Production       ,Michael Albert,22,Monster.com,Fully Meets,5.00,4,0,1/21/2019,0
"Owad, Clinton",1103024335,0,0,1,1,5,2,0,22.00,0,19,Production Technician I,MA,01760,11/24/79,M ,Single,US Citizen,No,Black or African American,2/17/2014,,N/A - still employed,Active,Production       ,Michael Albert,22,MBTA ads,Needs Improvement,4.25,3,0,2/4/2019,0
"Rarrick, Quinn",1208048229,0,2,1,5,5,3,0,21.00,1,19,Production Technician I,MA,02478,12/31/84,M ,Divorced,US Citizen,No,White,9/26/2011,04/07/12,more money,Voluntarily Terminated,Production       ,Michael Albert,22,Pay Per Click - Google,Fully Meets,3.80,5,0,,
"Sadki, Nore  ",1308060535,0,0,1,5,5,3,0,21.00,1,19,Production Technician I,MA,02148,12/21/74,M ,Single,US Citizen,No,White,1/5/2009,07/30/10,relocation out of area,Voluntarily Terminated,Production       ,Michael Albert,22,Word of Mouth,Fully Meets,1.53,5,0,,
"Sullivan, Timothy",1201031310,1,1,1,1,5,3,0,19.00,0,19,Production Technician I,MA,02747,10/07/82,M ,Married,US Citizen,Yes,White,1/5/2015,,N/A - still employed,Active,Production       ,Michael Albert,22,Word of Mouth,Fully Meets,4.36,5,0,1/24/2019,0
"Von Massenbach, Anna",1106026474,0,0,0,2,5,3,0,20.00,0,19,Production Technician I,MA,02124,04/06/85,F,Single,US Citizen,No,White,7/5/2015,,N/A - Has not started yet,Future Start,Production       ,Michael Albert,22,Newspager/Magazine,Fully Meets,3.21,3,0,1/29/2019,0
"Anderson, Carol ",1001417624,0,2,0,5,5,3,0,16.00,1,19,Production Technician I,MA,02169,09/08/89,F,Divorced,US Citizen,No,White,7/11/2011,09/06/11,return to school,Voluntarily Terminated,Production       ,Webster Butler,39,Word of Mouth,Fully Meets,5.00,4,0,,
"Becker, Scott",1110029777,0,0,1,3,5,3,0,17.00,0,19,Production Technician I,MA,02452,04/06/79,M ,Single,US Citizen,No,Asian,7/8/2013,,N/A - still employed,Leave of Absence,Production       ,Webster Butler,,MBTA ads,Fully Meets,1.09,4,0,1/11/2019,0
"Chang, Donovan  E",1111030129,0,0,1,1,5,3,0,22.00,0,19,Production Technician I,MA,01845,08/24/83,M ,Single,US Citizen,No,White,7/8/2013,,N/A - still employed,Active,Production       ,Webster Butler,,Newspager/Magazine,Fully Meets,3.80,5,0,1/14/2019,0
"DeGweck,  James",1306058816,1,1,1,5,5,3,0,23.50,1,19,Production Technician I,MA,01810,10/31/77,M ,Married,US Citizen,No,White,5/16/2011,06/08/15,unhappy,Voluntarily Terminated,Production       ,Webster Butler,39,Billboard,Fully Meets,5.00,4,0,,
"Ferguson, Susan",1502072511,1,1,0,5,5,3,0,20.00,1,19,Production Technician I,MA,02176,04/14/55,F,Married,US Citizen,No,White,11/7/2011,05/17/14,military,Voluntarily Terminated,Production       ,Webster Butler,39,Search Engine - Google Bing Yahoo,Fully Meets,3.13,3,0,,
"Gilles, Alex",1008020960,1,1,1,5,5,2,1,15.00,1,19,Production Technician I,MA,02062,08/09/74,M ,Married,US Citizen,No,Black or African American,4/2/2012,06/25/15,military,Voluntarily Terminated,Production       ,Webster Butler,39,Diversity Job Fair,Needs Improvement,3.97,4,0,,
"Harrington, Christie ",1110029602,0,0,0,5,5,3,0,19.75,1,19,Production Technician I,MA,02324,08/18/52,F,Single,US Citizen,No,White,1/9/2012,12/15/15,retiring,Voluntarily Terminated,Production       ,Webster Butler,39,Monster.com,Fully Meets,4.64,4,0,,
"Kinsella, Kathleen  ",710007401,1,1,0,5,5,3,0,22.00,1,19,Production Technician I,MA,02170,12/08/73,F,Married,US Citizen,No,White,9/26/2011,06/04/15,more money,Voluntarily Terminated,Production       ,Webster Butler,39,Search Engine - Google Bing Yahoo,Fully Meets,3.60,5,0,,
"Lynch, Lindsay",1001138521,0,0,0,5,5,4,1,19.00,1,19,Production Technician I,MA,01844,02/14/73,F,Single,US Citizen,Yes,Two or more races,11/7/2011,11/14/15,Another position,Voluntarily Terminated,Production       ,Webster Butler,39,Diversity Job Fair,Exceeds,5.00,4,0,,
"Ndzi, Colombui",1204033041,0,0,1,5,5,3,1,18.00,1,19,Production Technician I,MA,02110,05/02/89,M ,Single,US Citizen,No,Black or African American,9/26/2011,04/04/14,return to school,Voluntarily Terminated,Production       ,Webster Butler,39,Diversity Job Fair,Fully Meets,2.61,3,0,,
"Pelech, Emil",1307060058,0,0,1,5,5,2,0,24.00,1,19,Production Technician I,MA,02458,03/17/88,M ,Single,US Citizen,No,Black or African American,1/10/2011,12/28/12,career change,Voluntarily Terminated,Production       ,Webster Butler,39,Search Engine - Google Bing Yahoo,Needs Improvement,3.54,5,0,,
"Rivera, Haley  ",1405067642,1,1,0,1,5,4,0,22.00,0,19,Production Technician I,MA,02171,01/12/73,F,Married,US Citizen,No,Asian,11/28/2011,,N/A - still employed,Active,Production       ,Webster Butler,,Search Engine - Google Bing Yahoo,Exceeds,4.36,5,0,2/11/2019,0
"Sewkumar, Nori",807010161,0,0,0,3,5,3,0,15.20,0,19,Production Technician I,MA,02191,03/10/75,F,Single,US Citizen,No,Asian,9/30/2013,,N/A - still employed,Leave of Absence,Production       ,Webster Butler,,Search Engine - Google Bing Yahoo,Fully Meets,5.00,5,0,2/21/2019,0
"Tavares, Desiree  ",1405067501,1,1,0,5,5,3,1,15.00,1,19,Production Technician I,MA,01801,04/03/75,F,Married,Non-Citizen,No,Two or more races,4/27/2009,04/01/13,Another position,Voluntarily Terminated,Production       ,Webster Butler,39,Diversity Job Fair,Fully Meets,2.52,5,0,,
"Whittier, Scott",1307060212,0,0,1,5,5,3,0,23.00,1,19,Production Technician I,MA,02030,05/24/87,M ,Single,US Citizen,Yes,White,1/10/2011,05/15/11,hours,Voluntarily Terminated,Production       ,Webster Butler,39,Newspager/Magazine,Fully Meets,5.00,5,0,,
"Burke, Joelle",1011022820,0,0,0,1,5,3,0,25.00,0,20,Production Technician II,MA,02148,03/02/80,F,Single,US Citizen,No,Black or African American,3/5/2012,,N/A - still employed,Active,Production       ,Amy Dunn,11,Employee Referral,Fully Meets,4.51,4,0,2/21/2019,0
"Fitzpatrick, Michael  J",1109029103,0,0,1,5,5,3,0,29.00,1,20,Production Technician II,MA,02143,10/01/81,M ,Single,US Citizen,Yes,White,5/16/2011,06/24/13,hours,Voluntarily Terminated,Production       ,Amy Dunn,11,Social Networks - Facebook Twitter etc,Fully Meets,4.76,5,0,,
"Huynh, Ming",1306058509,0,2,0,5,5,3,0,23.00,1,20,Production Technician II,MA,01742,09/22/76,F,Divorced,US Citizen,No,White,2/21/2011,04/01/13,unhappy,Voluntarily Terminated,Production       ,Amy Dunn,11,Search Engine - Google Bing Yahoo,Fully Meets,3.72,3,0,,
"Mancuso, Karen",1304055986,1,1,0,5,5,3,0,23.00,1,20,Production Technician II,MA,02176,12/10/86,F,Married,US Citizen,No,Two or more races,7/5/2011,08/19/11,Another position,Voluntarily Terminated,Production       ,Amy Dunn,11,Newspager/Magazine,Fully Meets,5.00,4,0,,
"Pelletier, Ermine",1202031821,1,1,0,5,5,2,0,28.00,1,20,Production Technician II,MA,02472,07/18/89,F,Married,US Citizen,No,Asian,7/5/2011,09/15/11,unhappy,Voluntarily Terminated,Production       ,Amy Dunn,11,Monster.com,Needs Improvement,1.03,5,0,,
"Trzeciak, Cybil",1107027551,0,0,0,5,5,3,0,22.00,1,20,Production Technician II,MA,01778,03/15/85,F,Single,US Citizen,No,White,1/10/2011,07/02/12,unhappy,Voluntarily Terminated,Production       ,Amy Dunn,11,Vendor Referral,Fully Meets,1.30,3,0,,
"Cloninger, Jennifer",1012023226,1,1,0,5,5,3,0,25.00,1,20,Production Technician II,MA,01752,08/31/81,F,Married,US Citizen,No,White,5/16/2011,01/07/13,unhappy,Voluntarily Terminated,Production       ,Brannon Miller,12,Word of Mouth,Fully Meets,1.16,5,0,,
"Gonzalez, Juan",1411071324,1,1,1,5,5,1,1,29.00,1,20,Production Technician II,MA,02128,10/12/64,M ,Married,US Citizen,No,Black or African American,4/26/2010,05/30/11,career change,Voluntarily Terminated,Production       ,Brannon Miller,12,Diversity Job Fair,PIP,4.35,3,0,,
"Johnston, Yen",1306057810,0,0,0,1,5,4,0,25.00,0,20,Production Technician II,MA,02128,09/08/69,F,Single,US Citizen,No,White,7/7/2014,,N/A - still employed,Active,Production       ,Brannon Miller,12,Professional Society,Exceeds,1.51,3,0,1/11/2019,0
"Miller, Ned",1205033439,0,0,1,5,5,1,0,25.00,1,20,Production Technician II,MA,02472,06/29/85,M ,Single,US Citizen,No,White,8/15/2011,09/04/14,unhappy,Voluntarily Terminated,Production       ,Brannon Miller,12,MBTA ads,PIP,5.00,2,0,,
"Petingill, Shana  ",1103024843,1,1,0,1,5,3,0,26.00,0,20,Production Technician II,MA,02050,03/10/79,F,Married,Eligible NonCitizen,No,Asian,4/2/2012,,N/A - still employed,Active,Production       ,Brannon Miller,12,MBTA ads,Fully Meets,2.61,3,0,1/14/2019,0
"Winthrop, Jordan  ",1405067188,0,0,1,5,5,4,0,29.00,1,20,Production Technician II,MA,02045,11/07/58,M ,Single,US Citizen,No,White,1/7/2013,02/21/16,retiring,Voluntarily Terminated,Production       ,Brannon Miller,12,Professional Society,Exceeds,1.67,3,0,,
"Close, Phil",1209048697,1,1,1,5,5,3,0,26.00,1,20,Production Technician II,MA,02169,11/25/78,M ,Married,US Citizen,No,White,8/30/2010,09/26/11,career change,Voluntarily Terminated,Production       ,David Stanley,14,Other,Fully Meets,1.30,4,0,,
"Good, Susan",1001549006,1,1,0,3,5,3,0,24.25,0,20,Production Technician II,MA,01886,05/25/86,F,Married,US Citizen,No,White,5/12/2014,,N/A - still employed,Leave of Absence,Production       ,David Stanley,14,Professional Society,Fully Meets,2.04,3,0,2/7/2019,0
"Langford, Lindsey",1010022030,0,2,0,5,5,3,0,22.00,1,20,Production Technician II,MA,02090,07/25/79,F,Divorced,US Citizen,No,Asian,1/7/2013,03/31/14,Another position,Voluntarily Terminated,Production       ,David Stanley,14,Glassdoor,Fully Meets,4.52,3,0,,
"Monkfish, Erasumus",1404066711,1,1,1,1,5,3,0,27.00,0,20,Production Technician II,MA,01450,08/17/92,M ,Married,US Citizen,No,White,11/7/2011,,N/A - still employed,Active,Production       ,David Stanley,14,Professional Society,Fully Meets,2.67,3,0,1/8/2019,0
"Roberson, May",1402065340,0,2,0,5,5,3,0,26.00,1,20,Production Technician II,MA,01902,09/05/81,F,Divorced,Eligible NonCitizen,No,White,9/26/2011,10/22/11,return to school,Voluntarily Terminated,Production       ,David Stanley,14,Search Engine - Google Bing Yahoo,Fully Meets,2.19,4,0,,
"Wolk, Hang  T",1205033180,0,0,0,1,5,3,0,22.00,0,20,Production Technician II,MA,02302,04/20/85,F,Single,US Citizen,No,White,9/29/2014,,N/A - still employed,Active,Production       ,David Stanley,14,Newspager/Magazine,Fully Meets,3.40,4,0,2/21/2019,0
"Bondwell, Betsy",1008021030,0,0,0,5,5,3,0,26.00,1,20,Production Technician II,MA,02210,01/16/67,F,Single,US Citizen,No,White,1/10/2011,04/04/14,career change,Voluntarily Terminated,Production       ,Elijiah Gray,16,Search Engine - Google Bing Yahoo,Fully Meets,1.38,5,0,,
"Faller, Megan ",1108028428,1,1,0,1,5,3,0,27.00,0,20,Production Technician II,MA,01824,09/22/78,F,Married,US Citizen,No,Black or African American,7/7/2014,,N/A - still employed,Active,Production       ,Elijiah Gray,16,Professional Society,Fully Meets,1.49,5,0,2/22/2019,0
"Hunts, Julissa",1106026433,0,0,0,2,5,3,0,25.00,0,20,Production Technician II,MA,02021,03/11/84,F,Single,US Citizen,No,White,6/6/2016,,N/A - Has not started yet,Future Start,Production       ,Elijiah Gray,16,Vendor Referral,Fully Meets,2.92,5,0,1/18/2019,0
"Lunquist, Lisa",1001504432,0,0,0,1,5,4,0,26.10,0,20,Production Technician II,MA,02324,03/28/82,F,Single,US Citizen,No,Black or African American,8/19/2013,,N/A - still employed,Active,Production       ,Elijiah Gray,16,Glassdoor,Exceeds,1.64,4,0,2/12/2019,0
"Nowlan, Kristie",1104025435,0,0,0,1,5,3,0,26.39,0,20,Production Technician II,MA,01040,11/23/85,F,Single,US Citizen,No,White,11/10/2014,,N/A - still employed,Active,Production       ,Elijiah Gray,16,Glassdoor,Fully Meets,4.53,5,0,1/16/2019,0
"Smith, Joe",1001970770,0,0,1,1,5,4,0,22.00,0,20,Production Technician II,MA,02045,10/30/63,M ,Single,US Citizen,No,White,9/29/2014,,N/A - still employed,Active,Production       ,Elijiah Gray,16,Pay Per Click - Google,Exceeds,2.41,3,0,1/28/2019,0
"Tejeda, Lenora ",1406068345,1,1,0,5,5,3,0,28.75,1,20,Production Technician II,MA,02129,05/24/53,F,Married,US Citizen,No,White,5/16/2011,07/08/12,Another position,Voluntarily Terminated,Production       ,Elijiah Gray,16,Search Engine - Google Bing Yahoo,Fully Meets,3.93,3,0,,
"Beak, Kimberly  ",1303054329,1,1,0,2,5,4,0,27.00,0,20,Production Technician II,MA,02145,04/17/66,F,Married,US Citizen,No,White,7/21/2016,,N/A - Has not started yet,Future Start,Production       ,Kelley Spirea,18,Employee Referral,Exceeds,2.70,3,0,1/14/2019,0
"Demita, Carla",1104025179,0,3,0,5,5,3,0,29.00,1,20,Production Technician II,MA,02343,02/25/51,F,Separated,US Citizen,No,Black or African American,4/4/2011,11/04/15,more money,Voluntarily Terminated,Production       ,Kelley Spirea,18,Search Engine - Google Bing Yahoo,Fully Meets,4.62,5,0,,
"Hankard, Earnest",1307059937,0,0,1,1,5,3,0,24.00,0,20,Production Technician II,MA,02155,08/10/88,M ,Single,US Citizen,Yes,White,11/11/2013,,N/A - still employed,Active,Production       ,Kelley Spirea,18,Newspager/Magazine,Fully Meets,5.00,3,0,1/8/2019,0
"Hendrickson, Trina",1011022932,0,0,0,5,5,3,0,24.00,1,20,Production Technician II,MA,02021,08/27/72,F,Single,US Citizen,No,White,1/10/2011,02/18/13,hours,Voluntarily Terminated,Production       ,Kelley Spirea,18,Monster.com,Fully Meets,5.00,3,0,,
"Linden, Mathew",1405067565,1,1,1,3,5,3,0,22.00,0,20,Production Technician II,MA,01770,03/19/79,M ,Married,US Citizen,No,White,7/8/2013,,N/A - still employed,Leave of Absence,Production       ,Kelley Spirea,18,Information Session,Fully Meets,4.00,3,0,2/18/2019,0
"Moran, Patrick",1408069503,0,0,1,3,5,3,1,26.00,0,20,Production Technician II,MA,02127,12/03/76,M ,Single,US Citizen,No,Hispanic,1/9/2012,,N/A - still employed,Leave of Absence,Production       ,Kelley Spirea,18,Diversity Job Fair,Fully Meets,2.50,4,0,1/31/2019,0
"Sahoo, Adil",1106026462,1,1,1,1,5,3,0,29.00,0,20,Production Technician II,MA,02062,04/26/86,M ,Married,US Citizen,No,White,8/30/2010,,N/A - still employed,Active,Production       ,Kelley Spirea,18,Monster.com,Fully Meets,2.08,3,0,1/10/2019,0
"Burkett, Benjamin ",1301052449,1,1,1,1,5,3,0,26.00,0,20,Production Technician II,MA,01890,08/19/77,M ,Married,US Citizen,No,White,4/4/2011,,N/A - still employed,Active,Production       ,Ketsia Liebig,19,Careerbuilder,Fully Meets,3.25,5,0,1/14/2019,0
"Foreman, Tanya",1012023204,1,1,0,5,5,3,0,24.00,1,20,Production Technician II,MA,02170,11/08/83,F,Married,US Citizen,No,White,4/4/2011,01/09/12,career change,Voluntarily Terminated,Production       ,Ketsia Liebig,19,Word of Mouth,Fully Meets,3.66,3,0,,
"Jeannite, Tayana",1008020942,0,2,0,1,5,4,0,22.50,0,20,Production Technician II,MA,01821,11/06/86,F,Divorced,US Citizen,No,American Indian or Alaska Native,7/5/2011,,N/A - still employed,Active,Production       ,Ketsia Liebig,19,MBTA ads,Exceeds,4.60,4,0,2/25/2019,0
"McCarthy, Brigit",1406067957,0,0,0,1,5,3,0,26.00,0,20,Production Technician II,MA,02149,05/21/87,F,Single,US Citizen,No,White,3/30/2015,,N/A - still employed,Active,Production       ,Ketsia Liebig,19,Newspager/Magazine,Fully Meets,5.00,5,0,2/7/2019,0
"Peters, Lauren",1411071406,1,1,0,5,5,4,0,29.00,1,20,Production Technician II,MA,01886,08/17/86,F,Married,US Citizen,No,White,5/16/2011,02/04/12,more money,Voluntarily Terminated,Production       ,Ketsia Liebig,19,Pay Per Click - Google,Exceeds,1.79,5,0,,
"Walker, Roger",1011022818,0,0,1,1,5,3,0,22.00,0,20,Production Technician II,MA,02459,02/10/76,M ,Single,US Citizen,No,Black or African American,8/18/2014,,N/A - still employed,Active,Production       ,Ketsia Liebig,19,Employee Referral,Fully Meets,3.11,5,0,2/12/2019,0
"Akinkuolie, Sarah",1005019209,1,1,0,5,5,3,0,29.00,1,20,Production Technician II,MA,01810,09/19/88,F,Married,US Citizen,No,White,7/5/2011,09/24/12,hours,Voluntarily Terminated,Production       ,Kissy Sullivan,20,Newspager/Magazine,Fully Meets,3.02,3,0,,
"Davis, Daniel",1201031274,0,0,1,1,5,3,0,25.00,0,20,Production Technician II,MA,02458,09/14/79,M ,Single,Eligible NonCitizen,No,Two or more races,11/7/2011,,N/A - still employed,Active,Production       ,Kissy Sullivan,20,Newspager/Magazine,Fully Meets,3.96,4,0,2/27/2019,0
"Gosciminski, Phylicia  ",1108028351,0,3,0,3,5,3,0,27.00,0,20,Production Technician II,MA,01824,12/08/83,F,Separated,US Citizen,No,American Indian or Alaska Native,9/30/2013,,N/A - still employed,Leave of Absence,Production       ,Kissy Sullivan,20,Word of Mouth,Fully Meets,2.57,5,0,2/21/2019,0
"Latif, Mohammed",1104025486,1,1,1,5,5,3,0,28.00,1,20,Production Technician II,MA,02126,05/09/84,M ,Married,US Citizen,No,White,4/2/2012,04/15/13,more money,Voluntarily Terminated,Production       ,Kissy Sullivan,20,Word of Mouth,Fully Meets,1.84,3,0,,
"Monterro, Luisa",1001103149,0,0,0,1,5,4,0,25.00,0,20,Production Technician II,MA,02126,04/24/70,F,Single,US Citizen,No,Black or African American,5/13/2013,,N/A - still employed,Active,Production       ,Kissy Sullivan,20,Billboard,Exceeds,2.55,3,0,1/14/2019,0
"Robertson, Peter",1499902991,1,1,1,5,5,3,0,22.00,1,20,Production Technician II,MA,02138,07/03/72,M ,Married,US Citizen,No,White,7/5/2011,02/08/12,Another position,Voluntarily Terminated,Production       ,Kissy Sullivan,20,Glassdoor,Fully Meets,2.48,5,0,,
"Woodson, Jason",1012023010,0,0,1,1,5,3,0,24.25,0,20,Production Technician II,MA,01810,05/11/85,M ,Single,US Citizen,No,White,7/7/2014,,N/A - still employed,Active,Production       ,Kissy Sullivan,20,Vendor Referral,Fully Meets,4.07,4,0,2/28/2019,0
"Blount, Dianna",1403066125,0,0,0,1,5,2,0,27.00,0,20,Production Technician II,MA,02171,09/21/90,F,Single,US Citizen,No,White,4/4/2011,,N/A - still employed,Active,Production       ,Michael Albert,22,Monster.com,Needs Improvement,1.16,3,0,2/27/2019,0
"Erilus, Angela",1105025661,0,3,0,1,5,1,0,24.00,0,20,Production Technician II,MA,02133,08/25/89,F,Separated,US Citizen,No,White,7/7/2014,,N/A - still employed,Active,Production       ,Michael Albert,22,Pay Per Click - Google,PIP,4.59,1,0,2/25/2019,0
"Homberger, Adrienne  J",1207046956,1,1,0,5,5,3,0,28.00,1,20,Production Technician II,MA,02445,02/16/84,F,Married,Non-Citizen,No,White,8/15/2011,04/07/12,relocation out of area,Voluntarily Terminated,Production       ,Michael Albert,30,Glassdoor,Fully Meets,3.03,5,0,,
"Lundy, Susan",1305056276,0,4,0,5,5,3,0,24.00,1,20,Production Technician II,MA,02122,12/26/76,F,Widowed,US Citizen,No,White,7/8/2013,09/15/13,more money,Voluntarily Terminated,Production       ,Michael Albert,22,On-campus Recruiting,Fully Meets,4.65,4,0,,
"Moumanil, Maliki ",1301052436,0,3,1,1,5,3,0,29.00,0,20,Production Technician II,MA,01460,12/01/74,M ,Separated,US Citizen,No,Black or African American,5/13/2013,,N/A - still employed,Active,Production       ,Michael Albert,22,On-campus Recruiting,Fully Meets,4.29,5,0,1/28/2019,0
"Sloan, Constance",1012023103,0,0,0,5,5,3,0,23.00,1,20,Production Technician II,MA,01851,11/25/87,F,Single,US Citizen,No,White,10/26/2009,04/08/15,maternity leave - did not return,Voluntarily Terminated,Production       ,Michael Albert,22,Monster.com,Fully Meets,4.68,4,0,,
"Buccheri, Joseph  ",1101023457,0,0,1,1,5,3,0,22.00,0,20,Production Technician II,MA,01013,07/28/83,M ,Single,US Citizen,No,White,9/29/2014,,N/A - still employed,Active,Production       ,Webster Butler,,Word of Mouth,Fully Meets,3.19,3,0,2/1/2019,0
"Fancett, Nicole",1402065085,0,0,0,1,5,3,0,24.00,0,20,Production Technician II,MA,02324,09/27/87,F,Single,US Citizen,No,Black or African American,2/17/2014,,N/A - still employed,Active,Production       ,Webster Butler,,Newspager/Magazine,Fully Meets,4.00,4,0,1/7/2019,0
"Hutter, Rosalie",1103024924,0,3,0,2,5,3,0,28.00,0,20,Production Technician II,MA,02351,05/07/92,F,Separated,US Citizen,No,White,6/5/2015,,N/A - Has not started yet,Future Start,Production       ,Webster Butler,,Other,Fully Meets,2.63,3,0,2/14/2019,0
"Manchester, Robyn",1110029623,1,1,0,2,5,3,0,23.00,0,20,Production Technician II,MA,02324,08/25/76,F,Married,US Citizen,No,White,5/11/2016,,N/A - Has not started yet,Future Start,Production       ,Webster Butler,,Vendor Referral,Fully Meets,5.00,3,0,1/21/2019,0
"Oliver, Brooke ",1001856521,1,1,0,5,5,3,0,25.00,1,20,Production Technician II,MA,02492,02/11/52,F,Married,US Citizen,No,Asian,5/14/2012,08/19/13,unhappy,Voluntarily Terminated,Production       ,Webster Butler,39,Newspager/Magazine,Fully Meets,5.00,3,0,,
"Thibaud, Kenneth",1011022777,0,4,1,5,5,3,0,23.00,1,20,Production Technician II,MA,02472,09/16/75,M ,Widowed,US Citizen,No,White,6/25/2007,08/30/10,military,Voluntarily Terminated,Production       ,Webster Butler,39,Pay Per Click - Google,Fully Meets,1.37,4,0,,
"Daneault, Lynn",1402065303,0,0,0,1,6,3,0,54.00,0,21,Sales Manager,VT,05473,04/19/90,F,Single,US Citizen,No,White,5/5/2014,,N/A - still employed,Active,Sales,Debra Houlihan,15,Pay Per Click - Google,Fully Meets,4.62,4,0,1/24/2019,0
"Kampew, Donysha",1109029264,0,0,0,5,6,3,0,60.25,1,21,Sales Manager,PA,19444,11/11/89,F,Single,US Citizen,No,White,11/7/2011,04/24/14,maternity leave - did not return,Voluntarily Terminated,Sales,Debra Houlihan,15,Social Networks - Facebook Twitter etc,Fully Meets,1.90,5,0,,
"Smith, John",1499902910,0,2,1,1,6,2,1,56.00,0,21,Sales Manager,MA,01886,08/16/84,M ,Divorced,US Citizen,No,Black or African American,5/18/2014,,N/A - still employed,Active,Sales,Debra Houlihan,15,Diversity Job Fair,Needs Improvement,1.62,4,0,1/16/2019,0
"Le, Binh",1009919930,0,0,0,1,3,3,0,50.25,0,22,Senior BI Developer,MA,01886,06/14/87,F,Single,US Citizen,No,Asian,10/2/2016,,N/A - still employed,Active,IT/IS,Brian Champaigne,13,Indeed,Fully Meets,2.09,5,7,1/8/2019,0
"Navathe, Kurt",1009919960,0,0,1,1,3,3,0,52.25,0,22,Senior BI Developer,MA,02056,04/25/70,M ,Single,US Citizen,No,Asian,2/10/2017,,N/A - still employed,Active,IT/IS,Brian Champaigne,13,Indeed,Fully Meets,5.00,3,6,2/25/2019,0
"Wang, Charlie",1009919970,0,0,1,1,3,3,0,51.00,0,22,Senior BI Developer,MA,01887,07/08/81,M ,Single,US Citizen,No,Asian,2/15/2017,,N/A - still employed,Active,IT/IS,Brian Champaigne,13,Indeed,Fully Meets,3.42,4,7,1/4/2019,0
"LeBlanc, Brandon  R",1102024115,1,1,1,1,1,3,0,55.00,0,23,Shared Services Manager,MA,01460,06/10/84,M ,Married,US Citizen,No,White,1/5/2016,,N/A - still employed,Active,Admin Offices,Janet King,2,Monster.com,Fully Meets,1.95,4,0,1/28/2019,0
"Quinn, Sean",1206043417,1,1,1,5,1,3,1,55.00,1,23,Shared Services Manager,MA,02045,11/06/84,M ,Married,Eligible NonCitizen,No,Black or African American,2/21/2011,08/15/15,career change,Voluntarily Terminated,Admin Offices,Janet King,2,Diversity Job Fair,Fully Meets,4.15,4,0,,
"Andreola, Colby",1107027358,0,0,0,1,4,3,0,47.60,0,24,Software Engineer,MA,02110,05/24/79,F,Single,US Citizen,No,White,11/10/2014,,N/A - still employed,Active,Software Engineering,Alex Sweetwater,10,Vendor Referral,Fully Meets,3.04,3,4,1/2/2019,0
"Carabbio, Judith",1101023577,0,0,0,1,4,3,0,56.00,0,24,Software Engineer,MA,02132,04/05/87,F,Single,US Citizen,No,White,11/11/2013,,N/A - still employed,Active,Software Engineering,Alex Sweetwater,10,Pay Per Click - Google,Fully Meets,4.96,4,6,1/30/2019,0
"Del Bosque, Keyla",1203032498,0,0,0,1,4,3,0,57.12,0,24,Software Engineer,MA,02176,07/05/79,F,Single,US Citizen,No,Black or African American,1/9/2012,,N/A - still employed,Active,Software Engineering,Alex Sweetwater,10,Monster.com,Fully Meets,3.79,5,5,1/25/2019,0
"Exantus, Susan",1401064670,1,1,0,4,4,2,0,48.50,1,24,Software Engineer,MA,01749,05/15/87,F,Married,US Citizen,No,Black or African American,5/2/2011,06/05/13,attendance,Terminated for Cause,Software Engineering,Alex Sweetwater,10,Billboard,Needs Improvement,2.55,5,4,,
"Martin, Sandra",1303054625,0,0,0,1,4,3,0,55.51,0,24,Software Engineer,MA,02135,11/07/87,F,Single,US Citizen,No,Asian,11/11/2013,,N/A - still employed,Active,Software Engineering,Alex Sweetwater,10,Search Engine - Google Bing Yahoo,Fully Meets,1.53,5,4,1/14/2019,0
"Patronick, Luke",1112030979,0,0,1,5,4,4,1,52.25,1,24,Software Engineer,MA,01844,02/20/79,M ,Single,US Citizen,No,Asian,11/7/2011,09/07/15,Another position,Voluntarily Terminated,Software Engineering,Alex Sweetwater,10,Diversity Job Fair,Exceeds,1.10,5,3,,
"Saada, Adell",1012023185,1,1,0,1,4,3,0,49.25,0,24,Software Engineer,MA,02132,07/24/86,F,Married,US Citizen,No,White,11/5/2012,,N/A - still employed,Active,Software Engineering,Alex Sweetwater,10,Pay Per Click - Google,Fully Meets,1.74,3,6,2/13/2019,0
"Szabo, Andrew",1201031324,0,0,1,1,4,4,0,48.00,0,24,Software Engineer,MA,02140,05/06/83,M ,Single,US Citizen,No,White,7/7/2014,,N/A - still employed,Active,Software Engineering,Alex Sweetwater,10,MBTA ads,Exceeds,2.61,5,5,2/18/2019,0
"True, Edward",1102024057,0,0,1,5,4,3,1,45.42,1,24,Software Engineer,MA,02451,06/14/83,M ,Single,Non-Citizen,No,Black or African American,2/18/2013,04/15/14,medical issues,Voluntarily Terminated,Software Engineering,Alex Sweetwater,10,Diversity Job Fair,Fully Meets,1.11,3,4,,
"Sweetwater, Alex",1001644719,0,0,1,1,4,3,0,27.00,0,25,Software Engineering Manager,MA,02184,11/22/66,M ,Single,US Citizen,No,White,8/15/2011,,N/A - still employed,Active,Software Engineering,Jennifer Zamora,5,Search Engine - Google Bing Yahoo,Fully Meets,3.84,3,5,1/21/2019,0
"Foster-Baker, Amy",1201031308,1,1,0,1,1,3,0,34.95,0,26,Sr. Accountant,MA,02050,04/16/79,F,Married,US Citizen,no,White,1/5/2009,,N/A - still employed,Active,Admin Offices,Board of Directors,9,Other,Fully Meets,5.00,3,2,2/8/2019,0
"Boutwell, Bonalyn",1307060188,1,1,0,1,1,3,1,34.95,0,26,Sr. Accountant,MA,02468,04/04/87,F,Married,US Citizen,No,Asian,2/16/2015,,N/A - still employed,Active,Admin Offices,Brandon R. LeBlanc,3,Diversity Job Fair,Fully Meets,5.00,4,3,2/18/2019,0
"Ait Sidi, Karthikeyan   ",1307060199,1,1,1,5,3,3,0,62.00,1,27,Sr. DBA,MA,02148,05/05/75,M ,Married,US Citizen,No,White,3/30/2015,06/16/16,career change,Voluntarily Terminated,IT/IS,Simon Roup,4,Company Intranet - Partner,Fully Meets,4.96,3,6,,
"Carr, Claudia  N",1010022337,0,0,0,2,3,3,0,61.30,0,27,Sr. DBA,MA,01886,06/06/86,F,Single,US Citizen,No,Black or African American,6/30/2016,,N/A - Has not started yet,Future Start,IT/IS,Simon Roup,4,Vendor Referral,Fully Meets,5.00,5,6,2/18/2019,0
"Favis, Donald  ",1412071562,0,0,1,4,3,3,0,58.20,1,30,Enterprise Architect,CT,06033,07/30/64,M ,Single,US Citizen,No,Black or African American,2/17/2014,02/19/16,hours,Terminated for Cause,IT/IS,Simon Roup,4,Vendor Referral,Fully Meets,2.94,5,7,,
"Roehrich, Bianca",1111030266,0,0,0,5,3,3,0,58.50,1,29,Principal Data Architect,MA,02703,05/27/73,F,Single,US Citizen,Yes,White,1/5/2015,11/10/15,Another position,Voluntarily Terminated,IT/IS,Simon Roup,4,Vendor Referral,Fully Meets,3.88,3,7,,
"Daniele, Ann  ",1411071312,1,1,0,3,3,3,0,54.10,0,28,Sr. Network Engineer,CT,06033,01/18/52,F,Married,US Citizen,No,White,11/10/2014,,N/A - still employed,Leave of Absence,IT/IS,Peter Monroe,7,Vendor Referral,Fully Meets,1.55,5,8,2/12/2019,0
"Lajiri,  Jyoti",1108028108,1,1,1,3,3,3,0,56.20,0,28,Sr. Network Engineer,MA,02169,04/23/86,M ,Married,US Citizen,No,White,11/10/2014,,N/A - still employed,Leave of Absence,IT/IS,Peter Monroe,7,Employee Referral,Fully Meets,4.46,5,6,1/7/2019,0
"Semizoglou, Jeremiah  ",904013591,1,1,1,2,3,3,0,53.80,0,28,Sr. Network Engineer,MA,01545,02/09/83,M ,Married,US Citizen,No,Asian,6/30/2016,,N/A - Has not started yet,Future Start,IT/IS,Peter Monroe,7,On-campus Recruiting,Fully Meets,3.27,4,5,1/14/2019,0
"South, Joe",1308060959,0,0,1,1,3,3,0,53.00,0,28,Sr. Network Engineer,CT,06278,09/09/65,M ,Single,US Citizen,No,White,11/10/2014,,N/A - still employed,Active,IT/IS,Peter Monroe,7,Employee Referral,Fully Meets,5.00,3,4,1/2/2019,0
"Warfield, Sarah",1301052347,0,4,0,1,3,3,0,55.20,0,28,Sr. Network Engineer,MA,02453,05/02/78,F,Widowed,US Citizen,No,Asian,3/30/2015,,N/A - still employed,Active,IT/IS,Peter Monroe,7,Employee Referral,Fully Meets,1.06,4,8,2/5/2019,0
,,,,,,,,,,,,,,,,,,,,,,,,,,,,,,,,,,
,,,,,,,,,,,,,,,,,,,,,,,,,,,,,,,,,,
,,,,,,,,,,,,,,,,,,,,,,,,,,,,,,,,,,
,,,,,,,,,,,,,,,,,,,,,,,,,,,,,,,,,,
,,,,,,,,,,,,,,,,,,,,,,,,,,,,,,,,,,
,,,,,,,,,,,,,,,,,,,,,,,,,,,,,,,,,,
,,,,,,,,,,,,,,,,,,,,,,,,,,,,,,,,,,
,,,,,,,,,,,,,,,,,,,,,,,,,,,,,,,,,,
,,,,,,,,,,,,,,,,,,,,,,,,,,,,,,,,,,
,,,,,,,,,,,,,,,,,,,,,,,,,,,,,,,,,,
,,,,,,,,,,,,,,,,,,,,,,,,,,,,,,,,,,
,,,,,,,,,,,,,,,,,,,,,,,,,,,,,,,,,,
,,,,,,,,,,,,,,,,,,,,,,,,,,,,,,,,,,
,,,,,,,,,,,,,,,,,,,,,,,,,,,,,,,,,,
,,,,,,,,,,,,,,,,,,,,,,,,,,,,,,,,,,
,,,,,,,,,,,,,,,,,,,,,,,,,,,,,,,,,,
,,,,,,,,,,,,,,,,,,,,,,,,,,,,,,,,,,
,,,,,,,,,,,,,,,,,,,,,,,,,,,,,,,,,,
,,,,,,,,,,,,,,,,,,,,,,,,,,,,,,,,,,
,,,,,,,,,,,,,,,,,,,,,,,,,,,,,,,,,,
,,,,,,,,,,,,,,,,,,,,,,,,,,,,,,,,,,
,,,,,,,,,,,,,,,,,,,,,,,,,,,,,,,,,,
,,,,,,,,,,,,,,,,,,,,,,,,,,,,,,,,,,
,,,,,,,,,,,,,,,,,,,,,,,,,,,,,,,,,,
,,,,,,,,,,,,,,,,,,,,,,,,,,,,,,,,,,
,,,,,,,,,,,,,,,,,,,,,,,,,,,,,,,,,,
,,,,,,,,,,,,,,,,,,,,,,,,,,,,,,,,,,
,,,,,,,,,,,,,,,,,,,,,,,,,,,,,,,,,,
,,,,,,,,,,,,,,,,,,,,,,,,,,,,,,,,,,
,,,,,,,,,,,,,,,,,,,,,,,,,,,,,,,,,,
,,,,,,,,,,,,,,,,,,,,,,,,,,,,,,,,,,
,,,,,,,,,,,,,,,,,,,,,,,,,,,,,,,,,,
,,,,,,,,,,,,,,,,,,,,,,,,,,,,,,,,,,
,,,,,,,,,,,,,,,,,,,,,,,,,,,,,,,,,,
,,,,,,,,,,,,,,,,,,,,,,,,,,,,,,,,,,
,,,,,,,,,,,,,,,,,,,,,,,,,,,,,,,,,,
,,,,,,,,,,,,,,,,,,,,,,,,,,,,,,,,,,
,,,,,,,,,,,,,,,,,,,,,,,,,,,,,,,,,,
,,,,,,,,,,,,,,,,,,,,,,,,,,,,,,,,,,
,,,,,,,,,,,,,,,,,,,,,,,,,,,,,,,,,,
,,,,,,,,,,,,,,,,,,,,,,,,,,,,,,,,,,
,,,,,,,,,,,,,,,,,,,,,,,,,,,,,,,,,,
,,,,,,,,,,,,,,,,,,,,,,,,,,,,,,,,,,
,,,,,,,,,,,,,,,,,,,,,,,,,,,,,,,,,,
,,,,,,,,,,,,,,,,,,,,,,,,,,,,,,,,,,
,,,,,,,,,,,,,,,,,,,,,,,,,,,,,,,,,,
,,,,,,,,,,,,,,,,,,,,,,,,,,,,,,,,,,
,,,,,,,,,,,,,,,,,,,,,,,,,,,,,,,,,,
,,,,,,,,,,,,,,,,,,,,,,,,,,,,,,,,,,
,,,,,,,,,,,,,,,,,,,,,,,,,,,,,,,,,,
,,,,,,,,,,,,,,,,,,,,,,,,,,,,,,,,,,
,,,,,,,,,,,,,,,,,,,,,,,,,,,,,,,,,,
,,,,,,,,,,,,,,,,,,,,,,,,,,,,,,,,,,
,,,,,,,,,,,,,,,,,,,,,,,,,,,,,,,,,,
,,,,,,,,,,,,,,,,,,,,,,,,,,,,,,,,,,
,,,,,,,,,,,,,,,,,,,,,,,,,,,,,,,,,,
,,,,,,,,,,,,,,,,,,,,,,,,,,,,,,,,,,
,,,,,,,,,,,,,,,,,,,,,,,,,,,,,,,,,,
,,,,,,,,,,,,,,,,,,,,,,,,,,,,,,,,,,
,,,,,,,,,,,,,,,,,,,,,,,,,,,,,,,,,,
,,,,,,,,,,,,,,,,,,,,,,,,,,,,,,,,,,
,,,,,,,,,,,,,,,,,,,,,,,,,,,,,,,,,,
,,,,,,,,,,,,,,,,,,,,,,,,,,,,,,,,,,
,,,,,,,,,,,,,,,,,,,,,,,,,,,,,,,,,,
,,,,,,,,,,,,,,,,,,,,,,,,,,,,,,,,,,
,,,,,,,,,,,,,,,,,,,,,,,,,,,,,,,,,,
,,,,,,,,,,,,,,,,,,,,,,,,,,,,,,,,,,
,,,,,,,,,,,,,,,,,,,,,,,,,,,,,,,,,,
,,,,,,,,,,,,,,,,,,,,,,,,,,,,,,,,,,
,,,,,,,,,,,,,,,,,,,,,,,,,,,,,,,,,,
,,,,,,,,,,,,,,,,,,,,,,,,,,,,,,,,,,
,,,,,,,,,,,,,,,,,,,,,,,,,,,,,,,,,,
,,,,,,,,,,,,,,,,,,,,,,,,,,,,,,,,,,
,,,,,,,,,,,,,,,,,,,,,,,,,,,,,,,,,,
,,,,,,,,,,,,,,,,,,,,,,,,,,,,,,,,,,
,,,,,,,,,,,,,,,,,,,,,,,,,,,,,,,,,,
,,,,,,,,,,,,,,,,,,,,,,,,,,,,,,,,,,
,,,,,,,,,,,,,,,,,,,,,,,,,,,,,,,,,,
,,,,,,,,,,,,,,,,,,,,,,,,,,,,,,,,,,
,,,,,,,,,,,,,,,,,,,,,,,,,,,,,,,,,,
,,,,,,,,,,,,,,,,,,,,,,,,,,,,,,,,,,
,,,,,,,,,,,,,,,,,,,,,,,,,,,,,,,,,,
,,,,,,,,,,,,,,,,,,,,,,,,,,,,,,,,,,
,,,,,,,,,,,,,,,,,,,,,,,,,,,,,,,,,,
,,,,,,,,,,,,,,,,,,,,,,,,,,,,,,,,,,
,,,,,,,,,,,,,,,,,,,,,,,,,,,,,,,,,,
,,,,,,,,,,,,,,,,,,,,,,,,,,,,,,,,,,
,,,,,,,,,,,,,,,,,,,,,,,,,,,,,,,,,,
,,,,,,,,,,,,,,,,,,,,,,,,,,,,,,,,,,
,,,,,,,,,,,,,,,,,,,,,,,,,,,,,,,,,,
,,,,,,,,,,,,,,,,,,,,,,,,,,,,,,,,,,
